Emp_id,First_name,Last_name,Email,Gender,Date_of_birth,Mobile,Address,Designation,Salary,Joining_date
144,Brett,Trevear,btrevear0@yahoo.com,Male,15/05/1968,+35 682 7853 0298 ,575 Donald Crossing,Sales,"€34863,99",2/3/1987
66,Con,Drains,cdrains1@mapy.cz,Male,10/1/1976,+01 268 7522 1284 ,62965 Maple Circle,Makeupman,"€46424,35",3/12/1995
157,Elnar,Stelljes,estelljes2@mail.ru,Male,14/02/1967,+60 806 0141 7266 ,94088 Corscot Point,Product Management,¥90875.11,9/4/2008
246,Hugo,Chesterton,hchesterton3@about.me,Male,4/11/1980,+59 445 3723 4158 ,28 Sugar Center,Accounting,$22909.25,14/02/1987
236,Rosita,Rowler,rrowler4@soup.io,Female,2/3/1970,+95 678 9343 1210 ,3 Tennessee Parkway,Business Development,$53335.18,12/5/2006
211,Kalil,Foister,kfoister5@netscape.com,Male,25/10/1978,+03 392 8515 1143 ,72627 Carpenter Junction,Product Management,¥59778.83,20/11/2013
250,Allister,Bygott,abygott6@columbia.edu,Male,1/6/1970,+16 737 3386 1983 ,13 Luster Street,Training,£97498.64,16/08/2005
157,Dianna,MacMenamie,dmacmenamie7@soup.io,Female,6/1/1993,+66 479 7990 0403 ,4 Elgar Terrace,Support,£54448.15,18/05/1984
25,Norby,Heazel,nheazel8@deviantart.com,Male,25/06/1960,+98 085 0538 1920 ,72 Little Fleur Road,Research and Development,"€42879,49",6/4/2001
48,Gram,Trytsman,gtrytsman9@odnoklassniki.ru,Male,10/8/1977,+08 616 9916 6866 ,05713 Laurel Terrace,Lightman,$94379.83,16/08/2014
183,Joellen,Doughton,jdoughtona@elpais.com,Female,15/04/1987,+04 740 0043 3544 ,5261 Hintze Court,Accounting,"€74506,98",10/4/2009
32,Gae,Ivkovic,givkovicb@apache.org,Female,8/1/1968,+77 446 9526 8179 ,030 Kim Road,Business Development,$34723.85,28/08/2013
8,Edgard,Falkinder,efalkinderc@google.ca,Male,10/12/1970,+80 024 7511 8128 ,38 Redwing Court,Legal,"€46503,04",7/6/1998
7,Frasquito,Jorck,fjorckd@wikispaces.com,Male,27/01/1978,+40 073 1527 8705 ,3520 Lakewood Gardens Avenue,Makeupman,"€33636,95",27/05/2002
197,Marika,Caslake,mcaslakee@shareasale.com,Female,17/01/1992,+11 072 5084 5934 ,66 Buhler Lane,Research and Development,¥48082.71,24/06/1997
31,Joanne,Breakwell,jbreakwellf@shop-pro.jp,Female,15/10/1991,+16 419 0856 7788 ,7 Corben Parkway,Engineering,$49258.25,19/06/1997
177,Jana,Richarson,jricharsong@themeforest.net,Female,23/07/1979,+23 230 5618 8532 ,380 Daystar Junction,Human Resources,"€86409,84",13/02/1981
139,Joshia,Killby,jkillbyh@senate.gov,Male,17/12/1998,+05 738 7229 3351 ,040 Lawn Center,Research and Development,$48406.78,15/09/1981
180,Wallache,Ghelardi,wghelardii@ucoz.ru,Male,28/03/1961,+51 016 2578 3995 ,32207 Swallow Road,Business Development,"€3362,90",9/7/1992
108,Susann,Hewkin,shewkinj@mac.com,Female,15/09/1973,+32 927 2962 9210 ,8900 Ridgeway Point,Services,£47301.14,5/7/1986
101,Lyndy,Josupeit,ljosupeitk@gmpg.org,Female,13/02/1981,+58 508 4472 4403 ,354 Rowland Place,Human Resources,$67323.11,27/04/1999
222,Ingar,Rousby,irousbyl@drupal.org,Male,19/07/1981,+73 185 1990 2378 ,985 Oneill Pass,Training,"€16219,68",7/2/1989
102,Joana,Emerine,jemerinem@who.int,Female,20/04/1981,+95 480 4553 0171 ,4 Dottie Parkway,Research and Development,"€64928,76",12/4/1984
206,Stearne,Ferenczy,sferenczyn@msu.edu,Male,22/05/1983,+04 375 4642 1760 ,6 Dunning Avenue,Training,"€98962,75",25/06/1989
250,Wald,Buttery,wbutteryo@reverbnation.com,Male,2/1/1994,+57 687 2665 5095 ,0 Ohio Trail,Product Management,"€16175,48",9/8/1985
191,Catarina,Youll,cyoullp@blogs.com,Female,24/02/1965,+30 714 8060 3272 ,5 Duke Alley,Marketing,$19346.67,7/3/1997
238,Thaddus,Lumby,tlumbyq@newyorker.com,Male,24/02/1967,+21 218 6685 9026 ,358 Summerview Court,Research and Development,¥96572.43,12/3/1995
248,Benjy,Lanbertoni,blanbertonir@google.de,Male,6/3/1964,+19 680 2054 4935 ,0052 Morrow Court,Support,$32169.08,25/08/1999
247,Virgie,Seson,vsesons@pinterest.com,Male,20/10/1963,+09 256 8284 3872 ,2 Eastlawn Parkway,Human Resources,$34766.95,31/07/1997
54,Julianna,Lattey,jlatteyt@indiatimes.com,Female,21/07/1999,+22 642 3743 3387 ,823 Southridge Plaza,Human Resources,$71617.59,5/2/1982
180,Nissy,Maass,nmaassu@drupal.org,Female,15/04/1985,+06 066 0775 8362 ,88 Knutson Trail,Support,£57426.50,29/05/1980
147,Nicolea,Bottomer,nbottomerv@reverbnation.com,Female,13/09/1975,+29 494 1457 6694 ,1907 Menomonie Pass,Product Management,£20079.55,24/06/1987
162,Robena,Lyngsted,rlyngstedw@a8.net,Female,24/12/1967,+67 687 5201 9943 ,6 Straubel Pass,Accounting,¥77500.16,6/3/1994
236,Lonnard,Thunderchief,lthunderchiefx@sun.com,Male,4/6/1975,+64 717 9424 0277 ,27614 Ronald Regan Hill,Accounting,$54604.20,2/7/2003
195,Orly,Salthouse,osalthousey@oaic.gov.au,Female,3/10/1975,+80 064 9511 9020 ,458 Manley Alley,Product Management,"€34012,33",3/12/2007
206,Marta,Fullerd,mfullerdz@shareasale.com,Female,23/11/1973,+41 634 4484 1426 ,5609 Roxbury Point,Product Management,"€40345,21",21/08/1988
234,Kanya,Causley,kcausley10@ebay.co.uk,Female,30/12/1975,+70 395 8903 2753 ,7 Lerdahl Junction,Support,£88492.22,29/10/1993
234,Salim,O'Dempsey,sodempsey11@businessweek.com,Male,15/03/1983,+27 222 7400 9604 ,37 Eagan Street,Support,"€7025,29",28/11/1995
141,Rustin,Trowl,rtrowl12@jimdo.com,Male,22/09/1970,+46 452 1409 2606 ,1 Gerald Street,Product Management,"€42041,96",9/9/2016
195,Hugues,O'Hickee,hohickee13@seesaa.net,Male,7/3/1972,+47 949 5098 4183 ,6 Center Parkway,Accounting,"€88563,39",15/03/1991
51,Barbie,Berg,bberg14@squidoo.com,Female,3/8/1970,+14 500 2614 2012 ,26095 Lawn Trail,Training,"€39188,23",26/05/2002
24,Prisca,Wayte,pwayte15@bluehost.com,Female,17/07/1962,+49 687 6749 5234 ,7 Chinook Point,Business Development,¥79157.14,24/02/2010
191,Dale,Boyford,dboyford16@yellowpages.com,Female,4/4/1987,+24 757 3615 1043 ,803 Mitchell Way,Marketing,¥50668.06,19/07/2003
230,Dotty,Sale,dsale17@loc.gov,Female,23/03/1969,+33 917 1429 5687 ,97 Chinook Terrace,Support,£54334.54,24/11/2008
162,Ana,Burgise,aburgise18@nymag.com,Female,2/6/1975,+71 819 3525 3034 ,73098 Forest Dale Point,Sales,"€21431,49",21/07/1989
236,Robenia,Astell,rastell19@europa.eu,Female,18/06/1970,+71 521 0842 6439 ,966 Emmet Court,Business Development,¥82746.90,30/04/1997
52,Thornton,Allcott,tallcott1a@telegraph.co.uk,Male,5/11/1982,+36 769 0278 1501 ,2237 Waywood Hill,Research and Development,$22579.19,14/11/1991
75,Jecho,Clew,jclew1b@aol.com,Male,24/07/1966,+37 186 5744 9683 ,219 Clove Trail,Business Development,¥61000.13,18/05/1991
42,Timothee,Boutflour,tboutflour1c@walmart.com,Male,7/4/1967,+22 181 0272 1542 ,298 Hauk Parkway,Research and Development,¥44461.82,23/06/1983
115,Fallon,Kneafsey,fkneafsey1d@sciencedaily.com,Female,30/01/1991,+90 856 0219 6486 ,2213 Sachtjen Center,Services,"€7564,58",31/12/1983
139,Avrom,Pendred,apendred1e@webnode.com,Male,20/03/1980,+13 965 9465 4960 ,44763 Loomis Drive,Engineering,$99646.67,21/04/2006
37,Laurella,Maryet,lmaryet1f@prlog.org,Female,14/10/1979,+01 813 8139 7303 ,125 Clarendon Drive,Training,"€7885,31",1/4/1998
27,Flo,Wilmut,fwilmut1g@elpais.com,Female,5/9/1996,+22 237 4044 9875 ,02 Truax Avenue,Support,¥15361.87,7/1/2004
91,Shelly,Beinisch,sbeinisch1h@xinhuanet.com,Female,20/09/1989,+37 645 7109 3911 ,257 Monument Way,Human Resources,$94778.48,27/07/1989
34,Hayes,Dring,hdring1i@abc.net.au,Male,19/01/1996,+63 723 3372 9360 ,19316 Fieldstone Point,Engineering,$80039.98,4/11/1990
138,Erma,Gilcriest,egilcriest1j@noaa.gov,Female,9/9/1990,+37 364 0251 2639 ,6 Cody Way,Product Management,"€67668,18",2/3/1998
201,Olav,Narey,onarey1k@vinaora.com,Male,27/02/1975,+24 380 6500 3276 ,8 Florence Center,Engineering,"€1345,35",30/06/1997
66,Daryl,Robbeke,drobbeke1l@alexa.com,Male,12/3/1995,+15 391 3471 9860 ,5999 Bunker Hill Drive,Product Management,"€29005,21",5/3/2016
165,Tandie,Parsonson,tparsonson1m@xinhuanet.com,Female,23/08/1964,+20 282 8206 5231 ,13 Buhler Parkway,Accounting,$66039.61,2/5/2002
218,Chen,Pellissier,cpellissier1n@163.com,Male,4/8/1990,+44 135 2770 8912 ,153 Oriole Crossing,Lightman,$84819.54,2/10/2011
131,Wilhelmine,Rhys,wrhys1o@ox.ac.uk,Female,27/08/1970,+21 730 8854 1933 ,7 Luster Pass,Marketing,"€37555,64",12/8/1994
62,Abra,Lutas,alutas1p@aol.com,Female,17/07/1991,+07 848 4461 3629 ,1 Lighthouse Bay Park,Business Development,¥95975.83,27/09/2003
195,Elston,Jollands,ejollands1q@woothemes.com,Male,11/6/1999,+45 694 5321 7739 ,730 Mendota Drive,Business Development,¥54000.33,13/04/2006
78,Maggee,MacGibbon,mmacgibbon1r@gov.uk,Female,14/08/1999,+97 416 2671 7914 ,538 Fieldstone Road,Sales,¥79682.46,13/07/2009
247,Lek,Klauer,lklauer1s@fc2.com,Male,11/7/1981,+41 377 0734 3251 ,170 Butternut Street,Product Management,$36508.28,24/02/1989
133,Petronella,Houlton,phoulton1t@google.cn,Female,4/7/1983,+34 716 6886 3629 ,056 Mosinee Road,Sales,£60209.93,5/10/1986
52,Chev,Pawlaczyk,cpawlaczyk1u@bbc.co.uk,Male,28/11/1975,+98 138 6427 5613 ,09 Larry Hill,Engineering,¥24724.62,31/12/1980
173,Brucie,Timberlake,btimberlake1v@cbslocal.com,Male,8/5/1975,+07 082 4974 3208 ,043 Glacier Hill Road,Sales,¥33612.23,28/03/1988
185,Arleyne,Grishankov,agrishankov1w@taobao.com,Female,1/7/1998,+78 235 8737 7845 ,8 Evergreen Place,Accounting,"€10117,52",21/07/1983
195,Barclay,Banbrook,bbanbrook1x@xinhuanet.com,Male,1/11/1965,+35 948 6097 6456 ,616 Comanche Trail,Sales,£54192.29,15/02/1993
122,Tate,Kneesha,tkneesha1y@mysql.com,Male,15/12/1998,+02 685 0265 3757 ,2 Rusk Point,Makeupman,$78509.57,12/12/2001
194,Krystle,Jeary,kjeary1z@xing.com,Female,8/10/1985,+70 179 4621 3675 ,946 Cascade Terrace,Engineering,¥83121.63,7/4/1984
173,Kat,Noods,knoods20@epa.gov,Female,6/11/1971,+46 792 5545 3991 ,411 Sunnyside Place,Human Resources,$16167.38,31/05/2008
9,Denise,Lumox,dlumox21@ow.ly,Female,17/08/1977,+80 487 4894 6432 ,7899 Sunfield Parkway,Support,"€10729,52",20/12/2005
42,Emmy,Filon,efilon22@stanford.edu,Female,28/03/1972,+68 366 3089 8848 ,8426 Shoshone Point,Product Management,$75594.55,11/2/2007
194,Zandra,Guillford,zguillford23@clickbank.net,Female,21/05/1965,+31 286 9264 5583 ,26669 Warrior Avenue,Engineering,"€13690,19",27/11/1995
216,Minna,Labone,mlabone24@oracle.com,Female,29/03/1994,+26 773 2981 3766 ,5 Stone Corner Trail,Marketing,£42657.46,10/5/1998
183,Staci,Drewett,sdrewett25@latimes.com,Female,8/4/1965,+58 844 3152 6052 ,24 Namekagon Pass,Business Development,"€12093,64",7/5/1984
152,Jermaine,Franschini,jfranschini26@quantcast.com,Male,23/12/1968,+90 937 5802 2548 ,7509 Elmside Place,Services,$96666.78,6/2/1991
154,Cyndie,Gerretsen,cgerretsen27@163.com,Female,24/07/1999,+08 285 7595 1706 ,67185 Pond Street,Human Resources,¥72801.70,25/01/1984
71,Nerta,Sharple,nsharple28@ebay.com,Female,9/6/1980,+63 600 9255 1439 ,621 Mallory Parkway,Legal,"€18955,06",9/4/2008
93,Filberte,Handscombe,fhandscombe29@parallels.com,Male,17/07/1994,+50 505 3338 2480 ,82426 Memorial Road,Training,$48224.51,21/04/2003
201,Thornton,Grinston,tgrinston2a@technorati.com,Male,17/09/1960,+25 281 3978 2992 ,47778 Carioca Park,Legal,$55075.19,15/09/2002
76,Lyndy,Shillabeer,lshillabeer2b@sitemeter.com,Female,12/9/1985,+68 469 8595 8483 ,96750 Stephen Terrace,Product Management,"€8556,22",17/05/1982
179,Heall,Endacott,hendacott2c@ocn.ne.jp,Male,11/7/1987,+79 390 3057 9551 ,74 Meadow Valley Crossing,Business Development,$2346.59,11/3/1983
95,Woodie,Minchindon,wminchindon2d@wunderground.com,Male,21/03/1987,+49 049 6766 2564 ,919 Lindbergh Way,Accounting,$9877.21,1/4/2013
19,Missie,Leggin,mleggin2e@about.com,Female,31/01/1999,+06 493 0511 2828 ,028 1st Circle,Support,$1749.25,20/07/2016
200,Sara-ann,McCraw,smccraw2f@wordpress.com,Female,16/02/1963,+21 332 9592 9563 ,363 Armistice Terrace,Support,¥68964.74,14/09/1989
143,Chen,Niccols,cniccols2g@opensource.org,Male,27/10/1985,+45 541 1393 8573 ,58913 Nancy Hill,Accounting,¥28291.46,23/05/1992
187,Benoite,Bowdrey,bbowdrey2h@sciencedirect.com,Female,4/9/1984,+94 492 8162 0369 ,8 Pankratz Hill,Accounting,$48591.50,28/07/2003
1,Odey,Gobat,ogobat2i@chron.com,Male,5/1/1986,+52 103 6910 4953 ,82540 Commercial Avenue,Makeupman,¥31940.40,24/01/1996
134,Ephraim,Vassie,evassie2j@t.co,Male,3/7/1967,+36 283 7268 8832 ,5 Schurz Place,Research and Development,£98743.75,5/5/2005
166,Dory,Crate,dcrate2k@yolasite.com,Male,28/05/1965,+23 952 4495 2397 ,0016 Macpherson Pass,Engineering,"€49292,60",25/11/2000
122,Matilde,Fairrie,mfairrie2l@opensource.org,Female,25/12/1975,+77 760 0105 3260 ,14 Dexter Trail,Support,"€87470,41",4/8/1997
28,Ilise,Keyden,ikeyden2m@cbsnews.com,Female,4/3/1992,+81 477 3759 9512 ,4233 Farragut Place,Support,"€49436,46",1/1/1993
87,Cly,Goddman,cgoddman2n@independent.co.uk,Male,5/7/1960,+01 213 2118 5572 ,583 Walton Road,Business Development,$37522.69,3/12/2006
248,Annabel,Causey,acausey2o@biblegateway.com,Female,28/11/1971,+04 972 3341 8652 ,783 Kennedy Hill,Accounting,"€15887,10",28/01/2015
128,Dorie,Sneden,dsneden2p@qq.com,Male,9/11/1987,+23 118 0206 4839 ,69 Graedel Place,Sales,£12551.17,5/6/2002
197,Lothaire,Posthill,lposthill2q@dagondesign.com,Male,10/9/1974,+72 239 6461 4016 ,61656 Buena Vista Plaza,Human Resources,$5601.06,4/4/1984
168,Genevieve,Helstrom,ghelstrom2r@independent.co.uk,Female,11/7/1977,+93 327 9563 3892 ,1 Eagan Hill,Engineering,¥40318.72,6/8/2004
105,Myrvyn,Minithorpe,mminithorpe2s@nymag.com,Male,11/4/1994,+96 699 6649 1753 ,20209 Armistice Street,Lightman,£73414.39,28/02/2000
90,Alphonso,Elwel,aelwel2t@aol.com,Male,18/03/1960,+83 816 5410 0342 ,30 American Ash Alley,Accounting,$42172.15,27/01/1983
154,Orrin,Linn,olinn2u@networkadvertising.org,Male,2/8/1995,+62 408 4288 4983 ,27 Village Plaza,Engineering,"€94239,75",30/07/1982
148,Immanuel,Theobald,itheobald2v@gnu.org,Male,21/02/1976,+58 819 0224 4792 ,37 Claremont Terrace,Accounting,¥13691.15,8/2/1985
122,Lucio,Glendining,lglendining2w@reverbnation.com,Male,14/12/1973,+87 269 9750 6857 ,431 Dorton Plaza,Services,"€30224,00",25/08/1994
199,Wallas,MacCulloch,wmacculloch2x@sakura.ne.jp,Male,29/05/1963,+32 499 9676 5877 ,81 Crownhardt Pass,Marketing,£31053.86,27/09/1995
197,Sheri,Ungerecht,sungerecht2y@usa.gov,Female,28/12/1990,+74 075 6213 5530 ,5 Mallard Pass,Product Management,$17645.13,31/08/2001
159,Hogan,Easseby,heasseby2z@sbwire.com,Male,27/05/1970,+02 687 2484 7252 ,8 Florence Alley,Support,£31165.70,11/12/2011
22,Konrad,Costley,kcostley30@nifty.com,Male,3/4/1997,+29 898 3066 6063 ,466 Muir Drive,Engineering,£52789.16,4/8/1983
180,Kerrin,Pundy,kpundy31@devhub.com,Female,15/01/1985,+55 958 3553 0254 ,96040 Hoepker Road,Human Resources,¥11027.60,3/12/1989
189,Trstram,Reaper,treaper32@independent.co.uk,Male,3/5/1981,+86 942 7394 3198 ,87508 Lawn Hill,Training,"€13449,17",11/5/1983
47,Natala,Ramsbotham,nramsbotham33@msn.com,Female,5/1/2000,+81 106 3258 3846 ,0 Mifflin Junction,Business Development,£55310.09,13/06/2009
197,Harley,Rampley,hrampley34@who.int,Male,15/01/1964,+33 757 9977 9410 ,20 Parkside Plaza,Engineering,¥17539.09,18/07/2016
72,Tiebout,Haville,thaville35@webs.com,Male,22/08/1978,+96 432 2708 3711 ,00 Caliangt Place,Product Management,¥68369.00,5/11/1983
8,Robinett,Trase,rtrase36@google.com.br,Female,14/03/1988,+72 609 8625 2350 ,3712 Monica Avenue,Marketing,£8544.17,10/11/1996
106,Gerald,Schulter,gschulter37@pinterest.com,Male,9/6/1969,+50 844 6104 7190 ,2369 Twin Pines Terrace,Accounting,£42682.35,3/6/2013
19,Clerc,Whitter,cwhitter38@chronoengine.com,Male,8/5/1998,+58 553 5872 5851 ,58451 Riverside Pass,Business Development,$10906.50,28/02/2005
239,Beaufort,Thurborn,bthurborn39@abc.net.au,Male,13/09/1986,+67 467 4257 3415 ,7 Blue Bill Park Street,Engineering,¥83761.40,20/06/2009
207,Wesley,Zecchii,wzecchii3a@nifty.com,Male,1/8/1964,+51 960 3704 7242 ,61673 Prairie Rose Road,Accounting,¥93008.23,30/01/1989
69,Janek,Scopyn,jscopyn3b@google.nl,Male,3/2/1964,+56 794 5943 2482 ,9 Service Point,Product Management,¥2840.44,28/06/1995
30,Verney,O'Beirne,vobeirne3c@yelp.com,Male,4/1/1985,+06 512 6142 9418 ,03 Messerschmidt Center,Services,"€34541,97",28/03/2000
245,Lane,Pomfrett,lpomfrett3d@squidoo.com,Male,9/11/1990,+58 529 2396 1130 ,60 Comanche Alley,Product Management,$49641.44,21/11/2001
33,Hamel,Harg,hharg3e@amazon.com,Male,2/6/1974,+90 290 5302 7610 ,9 Vernon Hill,Human Resources,"€32251,13",15/05/2011
53,Courtenay,McCourt,cmccourt3f@123-reg.co.uk,Female,29/08/1971,+84 565 6285 0235 ,54619 Waxwing Way,Sales,£8504.56,25/09/1984
57,Egan,Foster,efoster3g@un.org,Male,5/4/1985,+77 556 6594 8015 ,62764 Pond Lane,Legal,$31375.92,26/10/2002
169,Mark,Redrup,mredrup3h@bbb.org,Male,27/05/1965,+42 415 0826 2686 ,174 Sachtjen Pass,Marketing,"€33421,49",1/9/1982
107,Virginie,Drinkhill,vdrinkhill3i@hc360.com,Female,5/6/1987,+16 259 0144 3281 ,593 Commercial Point,Research and Development,£40832.09,29/12/2007
163,Bary,Fillon,bfillon3j@adobe.com,Male,1/2/1987,+09 425 3870 0598 ,64 Bellgrove Drive,Training,£98141.49,25/12/1980
111,Dal,Narey,dnarey3k@netlog.com,Male,18/06/1992,+92 307 9392 7142 ,3 Porter Point,Marketing,$28826.41,17/11/1981
234,Melva,Corsar,mcorsar3l@rediff.com,Female,24/01/1970,+42 536 5249 2933 ,2724 Crest Line Plaza,Training,$34711.94,31/03/2014
79,Padgett,Kleen,pkleen3m@rakuten.co.jp,Male,2/1/1980,+63 104 7195 6752 ,074 Main Crossing,Engineering,$78565.24,28/08/2011
84,Tildi,Swinnerton,tswinnerton3n@people.com.cn,Female,17/09/1963,+29 893 9070 0725 ,12146 2nd Avenue,Accounting,£65217.77,28/01/1988
99,Nikita,Pearsey,npearsey3o@sitemeter.com,Male,9/11/1966,+27 507 4335 7164 ,745 Randy Circle,Research and Development,"€16476,17",24/07/2016
179,Kaine,Barbary,kbarbary3p@apache.org,Male,7/12/1972,+40 909 4547 6437 ,209 Porter Center,Business Development,$88463.76,14/02/2006
236,Brandi,Offer,boffer3q@examiner.com,Female,20/11/1972,+32 149 5789 8525 ,7 Loeprich Center,Support,£90988.73,2/8/1983
134,Rodie,Jopson,rjopson3r@wikia.com,Female,25/01/1998,+50 280 2544 0796 ,5 School Avenue,Accounting,$76929.86,25/07/1989
103,Cherri,Osselton,cosselton3s@blog.com,Female,13/12/1983,+17 807 5034 6555 ,5 Macpherson Way,Marketing,¥56725.51,16/08/1983
3,Mike,Bernat,mbernat3t@google.es,Male,8/10/1984,+26 268 9387 2236 ,5129 Homewood Hill,Product Management,¥42336.48,9/2/1982
128,Gerek,Brumen,gbrumen3u@studiopress.com,Male,22/11/1972,+34 755 0867 9305 ,02 Lakeland Way,Support,£4044.26,19/12/2004
84,Tremayne,Tavinor,ttavinor3v@census.gov,Male,27/09/1982,+86 856 0542 7975 ,2 Golf Street,Engineering,$7693.30,30/11/2003
198,Benson,Beaney,bbeaney3w@barnesandnoble.com,Male,10/6/1961,+46 874 3719 1782 ,901 Pankratz Terrace,Product Management,£1881.74,14/04/1996
31,Vinnie,Dewfall,vdewfall3x@hhs.gov,Female,23/09/1979,+03 547 9445 6611 ,9 Nevada Lane,Training,¥55269.61,29/08/1990
202,Beulah,McDonand,bmcdonand3y@mail.ru,Female,18/01/1968,+87 336 2637 2034 ,29511 Hanson Lane,Support,"€84892,61",10/9/1997
153,Caroline,Sore,csore3z@nbcnews.com,Female,19/04/1985,+90 045 1331 4842 ,9 Pierstorff Terrace,Support,$82714.28,11/5/2003
38,Clyve,Greson,cgreson40@unesco.org,Male,11/5/1965,+64 631 0855 0939 ,2881 Morrow Park,Accounting,¥34011.15,8/3/1988
189,Ashby,Nieass,anieass41@fda.gov,Male,4/9/1970,+85 319 0472 4082 ,34 Eagle Crest Trail,Services,$69981.88,13/09/2013
110,Clemmie,Petry,cpetry42@youtu.be,Male,1/10/1978,+53 978 6488 0877 ,9583 Dexter Place,Research and Development,$21718.16,8/1/1994
149,Jervis,Brendel,jbrendel43@wikispaces.com,Male,2/11/1980,+48 146 6143 0019 ,392 Nova Junction,Training,$92162.92,14/12/2003
107,Sarge,Decreuze,sdecreuze44@marketwatch.com,Male,16/01/1999,+88 502 3021 5750 ,338 Sycamore Street,Product Management,$8770.47,21/04/1990
38,Candy,Vivash,cvivash45@washington.edu,Female,19/02/1962,+16 468 7462 3776 ,696 Dahle Plaza,Marketing,$73281.00,26/04/1991
121,Keary,Fillery,kfillery46@1und1.de,Male,5/2/1985,+69 024 9806 1592 ,327 Morrow Drive,Business Development,¥47243.82,6/8/1980
126,Germayne,Stubs,gstubs47@tiny.cc,Male,14/10/1971,+83 070 2058 1427 ,76462 Hoffman Drive,Accounting,¥6017.19,29/11/1980
148,Udall,Cranstoun,ucranstoun48@pinterest.com,Male,30/08/1985,+30 401 0390 1716 ,3242 Welch Place,Engineering,¥1819.21,15/09/2010
94,Micheil,Crowcum,mcrowcum49@hexun.com,Male,16/03/1970,+90 441 7114 3135 ,6 Londonderry Drive,Training,$89066.08,4/4/1988
197,Atalanta,Munns,amunns4a@buzzfeed.com,Female,17/10/1967,+35 455 5115 0394 ,5 Annamark Trail,Services,"€32830,64",21/08/2012
36,Roxanne,Espada,respada4b@domainmarket.com,Female,4/11/1968,+08 227 1520 7137 ,429 Grasskamp Park,Research and Development,£81026.87,31/03/2001
173,Ramsey,Blunsum,rblunsum4c@friendfeed.com,Male,2/8/1968,+47 474 2250 3909 ,76 Laurel Hill,Sales,$69538.27,30/03/2014
241,Alisa,Dohr,adohr4d@google.cn,Female,12/12/1961,+66 124 8009 8198 ,1262 Debs Avenue,Business Development,"€47974,39",6/6/1991
167,Adrea,Trehearne,atrehearne4e@huffingtonpost.com,Female,27/05/1993,+06 080 3035 1100 ,28031 Browning Hill,Training,£99741.06,17/04/1990
96,Umberto,Purvey,upurvey4f@furl.net,Male,13/10/1962,+13 981 9682 7241 ,4 Valley Edge Pass,Marketing,"€48734,49",20/07/1984
30,Conrado,Lehon,clehon4g@google.it,Male,17/08/1980,+80 419 8134 8182 ,45965 Rockefeller Park,Engineering,"€30497,49",26/10/2005
240,Minerva,Oldman,moldman4h@mapquest.com,Female,1/7/1976,+33 913 5039 4438 ,4 Stone Corner Alley,Marketing,$88132.62,19/09/2005
45,Lane,Kimbury,lkimbury4i@wikia.com,Female,11/1/1979,+01 781 9906 2149 ,38829 Karstens Court,Training,"€79990,96",22/08/1994
212,Rowan,Turle,rturle4j@over-blog.com,Male,30/11/1971,+32 634 2218 6408 ,819 Waubesa Lane,Sales,£30234.20,13/09/1981
94,Tye,Willavize,twillavize4k@acquirethisname.com,Male,14/11/1980,+29 337 6239 0920 ,5 Duke Road,Business Development,"€77223,60",3/6/1989
35,Beckie,LAbbet,blabbet4l@timesonline.co.uk,Female,13/05/1960,+98 514 7783 2364 ,68723 Moose Avenue,Makeupman,£67604.06,28/01/2009
73,Anderea,Deppen,adeppen4m@goodreads.com,Female,1/8/1999,+83 312 2621 6208 ,808 Fuller Junction,Training,"€14686,34",16/01/2007
147,Alwin,Humbey,ahumbey4n@utexas.edu,Male,30/04/1998,+18 809 4148 0453 ,9207 Meadow Valley Lane,Research and Development,¥68295.17,11/7/2013
246,Suzann,Roderigo,sroderigo4o@wisc.edu,Female,6/9/1986,+02 354 2887 9489 ,609 Carioca Road,Training,£97427.45,21/04/2016
211,Kathryne,Chene,kchene4p@foxnews.com,Female,30/04/1998,+13 916 4345 9991 ,12 Wayridge Road,Support,¥43803.14,8/2/1987
248,Walden,Jonathon,wjonathon4q@wikispaces.com,Male,8/5/1989,+94 250 2062 8573 ,038 Namekagon Junction,Research and Development,¥20343.64,13/09/2006
219,Nerta,Hendrick,nhendrick4r@weibo.com,Female,4/5/1969,+06 059 0972 8638 ,617 Monica Junction,Human Resources,"€11495,16",18/09/2000
80,Renault,Santhouse,rsanthouse4s@360.cn,Male,9/12/1963,+97 207 5170 0210 ,9725 Roxbury Parkway,Product Management,"€97326,91",29/12/1986
125,Oswald,Hounsome,ohounsome4t@gmpg.org,Male,21/02/1970,+13 932 9950 9962 ,11373 Declaration Center,Marketing,£92214.86,3/2/1990
247,Prudi,Cressy,pcressy4u@uiuc.edu,Female,2/2/1989,+15 305 3637 5684 ,529 La Follette Circle,Services,£48284.43,30/03/2009
139,Alvinia,Docksey,adocksey4v@hugedomains.com,Female,27/06/1977,+66 111 6542 9726 ,03865 Dryden Court,Research and Development,$78097.91,14/06/1987
242,Sherwin,Tettley,stettley4w@netscape.com,Male,26/03/1975,+99 450 9359 9723 ,8 Red Cloud Crossing,Business Development,"€64055,37",24/09/2000
134,Bridie,Tomas,btomas4x@epa.gov,Female,2/9/1978,+73 313 2368 7968 ,0 Hansons Court,Support,"€67919,97",22/08/2016
115,Derry,Grindell,dgrindell4y@wordpress.org,Male,14/10/1971,+50 156 7201 3449 ,912 Marquette Trail,Support,£22834.32,20/01/2016
232,Betty,Regorz,bregorz4z@go.com,Female,21/02/1963,+11 045 3860 5382 ,730 Maple Wood Drive,Lightman,£29280.31,15/11/2004
55,Gage,Ozintsev,gozintsev50@buzzfeed.com,Male,8/6/1971,+23 960 7115 9739 ,7 Morningstar Pass,Marketing,"€60501,32",26/03/1989
184,Cathyleen,MacConnel,cmacconnel51@sourceforge.net,Female,21/03/1997,+14 294 7679 9275 ,46887 Raven Place,Product Management,$68862.81,1/10/2007
5,Angel,Shearston,ashearston52@desdev.cn,Female,12/6/1999,+55 684 0386 2839 ,81 Burning Wood Trail,Business Development,£39443.75,2/4/2009
155,Earl,Sheardown,esheardown53@networksolutions.com,Male,4/3/1985,+67 174 2151 4003 ,06 Dennis Parkway,Accounting,"€51088,48",13/05/2013
114,Horatia,Sorey,hsorey54@so-net.ne.jp,Female,27/11/1970,+31 115 4822 2860 ,952 Homewood Center,Product Management,$55516.50,24/03/1992
52,Irma,Aleksankin,ialeksankin55@printfriendly.com,Female,31/05/1998,+22 443 1061 2138 ,856 Sutteridge Way,Engineering,$25176.55,20/04/2008
85,Carmelia,Paz,cpaz56@biblegateway.com,Female,8/1/1977,+39 550 5256 8016 ,9 Warner Pass,Research and Development,"€19379,38",22/06/2003
92,Cassandre,Bremmer,cbremmer57@examiner.com,Female,2/10/1967,+93 295 8625 8563 ,8 South Court,Engineering,$76848.81,26/03/1994
125,Carmella,Emilien,cemilien58@istockphoto.com,Female,22/12/1973,+87 911 2615 6452 ,63 Moose Avenue,Research and Development,£55319.18,1/6/1996
33,Flossi,Milella,fmilella59@msn.com,Female,8/3/1977,+96 857 8371 9657 ,3 Corben Circle,Sales,¥6229.07,2/1/2000
27,Otis,Haws,ohaws5a@china.com.cn,Male,15/05/1979,+33 093 9001 2675 ,9420 Forest Run Junction,Business Development,£54779.07,18/09/2011
48,Jaquenetta,Diemer,jdiemer5b@oracle.com,Female,3/12/1964,+93 348 4266 9512 ,373 Laurel Trail,Accounting,$77427.99,19/06/2001
78,Skipton,McClure,smcclure5c@t-online.de,Male,25/01/1978,+30 069 1372 8528 ,27038 Moulton Street,Research and Development,$67303.97,25/12/1996
161,Lurlene,Priscott,lpriscott5d@sohu.com,Female,15/06/1972,+63 642 0995 7139 ,96 Ridge Oak Lane,Services,¥92553.38,22/08/2010
155,Quinn,de Voiels,qdevoiels5e@drupal.org,Male,17/12/1992,+21 918 6895 5832 ,805 Bobwhite Way,Training,$79563.21,16/06/1990
57,Hedvig,Mariel,hmariel5f@rambler.ru,Female,30/08/1988,+18 562 5808 8837 ,5474 Mesta Court,Accounting,"€12891,19",5/2/2013
71,Nancy,Kordovani,nkordovani5g@bloglovin.com,Female,4/6/1977,+83 718 3740 3014 ,300 Mariners Cove Crossing,Support,¥32026.15,1/1/1992
182,Andria,O'Doireidh,aodoireidh5h@foxnews.com,Female,11/1/1988,+31 120 8744 7326 ,0 Stephen Street,Human Resources,"€29319,35",28/06/2009
179,Jeff,Sollis,jsollis5i@surveymonkey.com,Male,10/4/1977,+13 546 6337 6498 ,3851 Fairview Way,Training,¥60381.86,16/11/1992
246,Loren,Cheyne,lcheyne5j@businessinsider.com,Female,5/4/1991,+84 529 2453 1332 ,0 Lillian Court,Services,"€8475,64",9/10/1983
110,Jermaine,Raggatt,jraggatt5k@live.com,Male,25/03/1977,+91 861 0006 0719 ,193 Bartillon Point,Product Management,£50847.77,17/09/1997
153,Camella,Sayre,csayre5l@fc2.com,Female,20/05/1962,+61 714 5140 7989 ,19901 New Castle Center,Product Management,"€95878,43",8/10/2005
225,Terza,Narramore,tnarramore5m@illinois.edu,Female,14/08/1974,+20 087 1016 6149 ,3 Upham Center,Marketing,£93773.04,20/01/2005
210,Dannie,Fundell,dfundell5n@shop-pro.jp,Male,29/06/1986,+96 481 1584 3684 ,10 Gerald Place,Training,¥29405.65,1/9/2000
154,Nikolos,Dafter,ndafter5o@prweb.com,Male,24/09/1989,+54 488 2309 0196 ,4 Pawling Court,Research and Development,£27116.86,3/9/2009
10,Cosmo,Exton,cexton5p@youtu.be,Male,29/11/1962,+28 039 9352 1347 ,4 Merrick Trail,Research and Development,$71808.41,12/11/1984
177,Adolphe,Peery,apeery5q@uiuc.edu,Male,16/07/1993,+36 393 6901 6587 ,25469 Marquette Pass,Human Resources,$29006.42,7/2/2008
61,Howard,Buttriss,hbuttriss5r@thetimes.co.uk,Male,18/07/1985,+10 950 3740 5015 ,0238 Banding Street,Training,£6230.00,3/5/2014
46,Guy,Efford,gefford5s@macromedia.com,Male,27/08/1998,+96 716 8668 6208 ,609 Anzinger Way,Human Resources,¥12464.13,11/2/1997
167,Frans,Kee,fkee5t@adobe.com,Male,29/12/1974,+45 173 0457 5181 ,75 Havey Hill,Sales,¥44570.56,14/07/2012
244,Cinnamon,Doe,cdoe5u@clickbank.net,Female,24/10/1960,+35 164 3111 9929 ,20303 Grim Road,Makeupman,¥34497.74,23/11/1994
63,Marty,Bletcher,mbletcher5v@cocolog-nifty.com,Male,26/10/1981,+41 932 5757 6009 ,5802 Northland Way,Engineering,"€36689,01",7/1/2014
89,Perceval,Dewar,pdewar5w@bigcartel.com,Male,26/12/1994,+75 149 4649 4725 ,03 Algoma Park,Human Resources,$65587.05,16/09/2002
107,Eduard,Naper,enaper5x@msu.edu,Male,20/03/1971,+23 511 8025 6523 ,7 Mccormick Terrace,Marketing,¥30819.21,12/3/2006
225,Dominic,Kapiloff,dkapiloff5y@so-net.ne.jp,Male,21/12/1991,+19 956 1839 0439 ,66614 5th Center,Human Resources,¥46748.31,4/12/2001
145,Cassie,Buglar,cbuglar5z@github.com,Female,12/10/1971,+46 828 7915 3773 ,778 Little Fleur Center,Product Management,¥80529.53,16/05/1992
89,Emerson,Shipp,eshipp60@china.com.cn,Male,17/10/1975,+55 627 2983 2152 ,0297 Thompson Street,Accounting,¥93783.14,3/11/2004
245,Ilyssa,Pretty,ipretty61@goodreads.com,Female,19/04/1969,+26 266 1448 6496 ,4857 Elgar Avenue,Engineering,$96567.11,13/12/1989
177,Loreen,Auguste,lauguste62@ameblo.jp,Female,8/6/1996,+63 100 6132 3871 ,85 Warner Circle,Engineering,$23510.99,26/11/1992
93,Otto,Ronci,oronci63@marketwatch.com,Male,21/07/1994,+33 330 3402 3838 ,25008 Bonner Crossing,Accounting,$74496.50,28/01/1987
119,Emma,Ferro,eferro64@princeton.edu,Female,5/1/1964,+62 186 5555 1223 ,77086 Lakewood Gardens Place,Research and Development,$36393.69,13/09/2005
32,Shalom,Evison,sevison65@walmart.com,Male,25/04/1967,+08 408 1908 9258 ,92484 Sycamore Lane,Accounting,£46759.99,24/10/2000
231,Jehanna,Curdell,jcurdell66@networksolutions.com,Female,3/10/1991,+52 538 2010 4477 ,5 Orin Street,Sales,¥21202.08,1/2/2009
201,Jake,Stepto,jstepto67@goo.ne.jp,Male,2/12/1985,+28 137 9660 3990 ,81 Del Sol Park,Support,£34214.57,12/10/1988
19,Maje,Moogan,mmoogan68@narod.ru,Male,10/6/1963,+86 952 3142 3957 ,311 Michigan Hill,Support,£29307.06,20/03/1985
30,Mala,Brok,mbrok69@hud.gov,Female,2/7/1990,+48 320 1102 7196 ,717 Sommers Crossing,Makeupman,"€39020,73",13/05/1981
84,Val,Crozier,vcrozier6a@umn.edu,Male,24/07/1996,+24 470 3561 7969 ,0 Tennyson Avenue,Training,$54680.82,28/11/1981
247,Broderic,Inkles,binkles6b@hud.gov,Male,17/01/1973,+55 671 0198 9308 ,3 Green Ridge Parkway,Product Management,$8261.82,16/09/2011
141,Aurthur,Tytler,atytler6c@shop-pro.jp,Male,10/5/1965,+02 035 7764 9288 ,429 Dapin Court,Accounting,£98077.41,12/11/1990
94,Granny,Swanbourne,gswanbourne6d@dedecms.com,Male,16/12/1984,+94 172 4627 1934 ,72 Continental Terrace,Sales,£68992.55,9/4/1990
83,Carline,Galtone,cgaltone6e@ucsd.edu,Female,25/05/1962,+72 651 2622 0009 ,67 West Point,Product Management,$73013.60,2/2/1988
118,Janeen,Liddall,jliddall6f@wikimedia.org,Female,22/09/1978,+15 381 3049 9405 ,67 Goodland Junction,Engineering,£13485.67,9/4/1996
99,Murvyn,Wrates,mwrates6g@time.com,Male,1/12/1996,+15 896 6599 2576 ,278 Summerview Plaza,Lightman,£78443.09,2/7/2002
227,Milka,Kubelka,mkubelka6h@hatena.ne.jp,Female,10/3/1964,+67 252 0895 2317 ,41310 Bartelt Pass,Training,$70418.78,11/8/2005
228,Meghann,Toulmin,mtoulmin6i@sbwire.com,Female,2/6/1981,+71 278 7716 6323 ,69903 Shelley Court,Support,"€6923,72",22/01/1992
31,Bambi,Wiffield,bwiffield6j@alibaba.com,Female,15/06/1998,+52 700 5671 4273 ,057 Farwell Parkway,Research and Development,£77278.38,16/03/1988
215,Tadeas,Kretschmer,tkretschmer6k@meetup.com,Male,27/11/1990,+42 804 4657 2344 ,97137 Village Green Center,Product Management,£73147.20,11/10/1980
65,Giovanni,Duckering,gduckering6l@php.net,Male,24/01/1963,+64 219 1247 9624 ,3 Linden Place,Marketing,"€88652,24",15/06/2001
236,Gerardo,Hodgin,ghodgin6m@com.com,Male,21/12/1984,+14 922 7673 6865 ,668 Eliot Park,Legal,"€11648,22",29/04/1982
208,Loreen,Wavish,lwavish6n@netscape.com,Female,28/02/1983,+57 145 2868 7788 ,3399 Havey Court,Sales,¥64365.24,6/2/2010
17,Laurence,Ferraraccio,lferraraccio6o@pcworld.com,Male,20/12/1966,+30 601 5210 2531 ,92 Bartillon Street,Sales,¥19610.30,31/01/1985
155,Shandie,Hodgon,shodgon6p@weather.com,Female,10/9/1998,+54 556 1786 9320 ,89 South Plaza,Lightman,£54320.53,10/4/1990
61,Lindsey,Audsley,laudsley6q@paypal.com,Male,25/02/1997,+22 075 5429 4775 ,135 Talisman Junction,Business Development,£42707.15,22/12/1995
139,Doralin,Kahler,dkahler6r@issuu.com,Female,29/04/1967,+50 584 9494 2161 ,12054 Prairie Rose Circle,Product Management,¥44913.19,25/10/2007
87,Phyllys,Leirmonth,pleirmonth6s@huffingtonpost.com,Female,21/06/1968,+71 044 8171 3095 ,79531 Corben Hill,Engineering,"€63640,60",8/8/2004
243,Hetti,Haire,hhaire6t@wikipedia.org,Female,7/9/1968,+55 820 0455 2233 ,6927 5th Terrace,Marketing,"€33766,25",17/07/1993
42,Stern,Watters,swatters6u@springer.com,Male,26/11/1983,+21 443 6345 3639 ,41 Gulseth Plaza,Human Resources,"€2323,88",26/01/1996
6,Wynn,Whatling,wwhatling6v@linkedin.com,Male,10/6/1960,+63 590 0290 1601 ,9 Carioca Alley,Sales,"€86419,69",1/9/2006
141,Ninnette,Nenci,nnenci6w@a8.net,Female,30/07/1987,+04 176 9271 3269 ,1 Beilfuss Center,Legal,"€82383,46",31/08/1994
195,Raoul,Qusklay,rqusklay6x@nifty.com,Male,16/06/1975,+77 828 6369 9525 ,812 Havey Avenue,Makeupman,$90776.43,29/01/2005
