Employee_id,First_name,Last_name,Email,Phone_number,Hire_date,Job_id,Salary,Manager_id,Department_id,Location_id
575,Gayle,Cranna,gcranna0@mac.com,472-233-6193,7/27/2017,22,$3184.67,477,352,616
461,Aurora,Guthrie,aguthrie1@ustream.tv,783-745-1303,3/23/2017,69,$3704.31,486,345,606
590,Vail,Letch,vletch2@biglobe.ne.jp,245-389-2213,11/11/2017,38,$113.42,412,348,620
570,Foss,Jeffree,fjeffree3@behance.net,460-351-4114,1/1/2018,57,$3914.50,472,398,665
470,Ricca,Cory,rcory4@cdbaby.com,808-923-3561,6/17/2017,85,$2436.72,492,322,685
470,Marty,Gumby,mgumby5@weebly.com,853-764-9642,10/11/2017,24,$8788.99,463,370,689
554,Elston,Bissell,ebissell6@umich.edu,599-608-9211,3/7/2017,87,$1642.65,414,399,633
440,Deana,Blune,dblune7@webmd.com,799-585-2813,10/15/2017,78,$812.92,448,340,629
494,Papagena,Gossan,pgossan8@amazon.co.jp,735-680-4036,7/13/2017,41,$3247.37,456,325,687
453,Melicent,McClaren,mmcclaren9@bloomberg.com,771-111-2907,10/12/2017,46,$2474.24,406,387,641
471,Penelopa,Teasdale,pteasdalea@un.org,229-773-5214,12/2/2017,32,$4578.41,462,384,608
465,Marlin,Prahm,mprahmb@mayoclinic.com,603-294-5739,8/31/2017,86,$8816.60,445,376,637
515,Sully,Loiterton,sloitertonc@arstechnica.com,967-641-2471,12/5/2017,37,$8953.96,499,381,680
513,Ulrich,Showers,ushowersd@dailymotion.com,636-848-3685,5/22/2017,12,$4391.24,488,378,607
553,Dayle,Novkovic,dnovkovice@dailymotion.com,538-354-2385,2/12/2017,96,$5050.73,449,307,607
486,Dav,Hambrick,dhambrickf@mayoclinic.com,265-584-3500,4/25/2017,31,$5059.33,407,324,606
502,Daniele,Pendre,dpendreg@un.org,307-291-7281,9/27/2017,56,$959.13,404,341,621
533,Sybila,Van Arsdale,svanarsdaleh@miitbeian.gov.cn,280-394-9170,9/12/2017,59,$7114.85,457,390,638
519,Mureil,Auger,maugeri@mysql.com,712-685-7853,11/4/2017,91,$762.65,462,347,630
446,Dorita,Soan,dsoanj@marriott.com,535-513-7070,1/15/2017,23,$3997.91,469,396,673
511,Alice,Cattemull,acattemullk@squarespace.com,343-980-6754,1/28/2017,15,$6808.93,427,379,685
501,Zabrina,Weson,zwesonl@ameblo.jp,459-673-4248,1/6/2017,70,$529.32,495,383,623
464,Chadd,Pollock,cpollockm@netlog.com,482-526-2354,9/12/2017,5,$7283.11,421,308,607
532,Jock,Strivens,jstrivensn@webnode.com,671-277-9590,4/21/2017,5,$7005.63,447,393,666
541,Torey,Wentworth,twentwortho@about.com,608-932-2569,4/5/2017,54,$9968.76,492,357,686
573,Cassandry,Ridoutt,cridouttp@bizjournals.com,905-306-3122,8/2/2017,74,$3341.23,477,349,678
404,Thoma,Bridgman,tbridgmanq@pagesperso-orange.fr,281-964-1230,11/6/2017,2,$1315.36,426,318,684
597,Lotte,Larwood,llarwoodr@thetimes.co.uk,972-254-6381,5/5/2017,64,$7419.06,436,332,671
401,Jermain,Guisler,jguislers@twitter.com,206-279-7633,12/29/2017,44,$7089.00,447,388,619
547,Yves,Dunsford,ydunsfordt@usda.gov,366-767-6536,5/13/2017,9,$5600.57,421,304,608
427,Lyle,Weyman,lweymanu@homestead.com,466-262-9038,1/30/2017,90,$4175.33,424,356,638
444,Hilary,Ferie,hferiev@youku.com,739-361-3938,3/18/2017,22,$3027.11,469,331,687
446,Geralda,McLorinan,gmclorinanw@irs.gov,812-189-6372,12/25/2017,23,$7739.24,411,309,636
487,Theodore,Stovold,tstovoldx@army.mil,477-590-8503,9/25/2017,13,$6934.83,469,373,641
474,Corrianne,Dignall,cdignally@unc.edu,690-255-4519,11/2/2017,85,$9402.09,408,350,654
572,Karol,Semarke,ksemarkez@yahoo.com,614-635-9323,5/23/2017,68,$7594.96,402,359,693
566,Cozmo,Battey,cbattey10@cbslocal.com,770-151-8360,8/24/2017,88,$8260.48,489,366,695
566,Ferguson,Lanphere,flanphere11@prlog.org,907-453-0321,11/13/2017,26,$6476.61,469,323,652
513,Eugenius,Berthod,eberthod12@ovh.net,857-390-2209,3/17/2017,63,$6435.69,474,337,659
594,Sashenka,Escalera,sescalera13@ifeng.com,189-320-3697,5/8/2017,53,$9324.09,446,332,674
558,Lem,Treece,ltreece14@tripod.com,295-725-9718,4/7/2017,4,$2598.79,450,371,668
600,Keelia,Kettlestringes,kkettlestringes15@slate.com,113-910-9404,5/11/2017,98,$8205.33,463,382,621
454,Galina,McConigal,gmcconigal16@instagram.com,405-995-2167,11/18/2017,54,$1615.36,424,392,690
407,Evvie,Petrushka,epetrushka17@live.com,146-631-9228,5/21/2017,1,$2468.84,405,317,697
530,Kelly,Dzeniskevich,kdzeniskevich18@pagesperso-orange.fr,279-209-3486,7/22/2017,18,$9768.46,466,382,659
461,Burlie,Sawers,bsawers19@networksolutions.com,469-826-6907,6/28/2017,8,$5892.13,460,386,628
443,Yetty,Tembridge,ytembridge1a@myspace.com,657-532-2637,1/31/2017,5,$3870.82,425,327,698
573,Ulberto,Marqyes,umarqyes1b@cargocollective.com,370-754-6653,12/16/2017,3,$3930.83,410,376,665
499,Humphrey,Wasmer,hwasmer1c@facebook.com,852-725-3634,1/13/2017,28,$3821.54,452,311,668
418,Pattin,Durek,pdurek1d@shareasale.com,969-603-4016,4/2/2017,53,$5477.90,475,309,619
557,Anatole,Peche,apeche1e@economist.com,592-469-3328,9/1/2017,56,$8169.12,454,364,606
592,Blancha,Franzke,bfranzke1f@1und1.de,157-618-2375,8/14/2017,52,$8625.34,439,346,627
588,Gaspar,Usborn,gusborn1g@google.pl,589-967-2772,5/8/2017,48,$127.72,413,383,671
418,Elston,McNicol,emcnicol1h@un.org,906-707-4015,1/26/2017,58,$473.94,451,370,602
524,Massimo,Dillistone,mdillistone1i@netscape.com,993-870-1794,1/26/2017,17,$6932.35,454,324,625
458,Donnie,Blakeborough,dblakeborough1j@toplist.cz,245-982-9430,6/26/2017,44,$4707.06,411,330,628
572,Olympie,Girhard,ogirhard1k@qq.com,664-132-7028,9/9/2017,76,$5777.09,461,341,637
462,Justino,Andersen,jandersen1l@123-reg.co.uk,423-574-9791,6/15/2017,58,$6840.90,448,365,636
589,Merrick,De Leek,mdeleek1m@homestead.com,326-830-0664,7/3/2017,28,$2820.06,461,328,604
595,Ewart,McElrath,emcelrath1n@vk.com,222-269-3673,8/28/2017,40,$1752.43,417,333,654
591,Alberik,Swyn,aswyn1o@fc2.com,114-836-3521,12/20/2017,95,$2023.45,436,392,674
500,Heath,Hanwell,hhanwell1p@theatlantic.com,322-141-6053,4/2/2017,74,$711.35,410,334,663
564,Reyna,Darke,rdarke1q@ebay.co.uk,863-468-0946,2/22/2017,99,$4483.78,462,332,613
526,Daniel,Dairton,ddairton1r@pen.io,214-194-8858,6/2/2017,95,$4165.17,498,398,690
577,Ernestine,Vallis,evallis1s@wikipedia.org,721-890-5360,8/5/2017,59,$8665.33,486,397,658
597,Cynde,Kobu,ckobu1t@paginegialle.it,491-340-7355,6/6/2017,81,$5044.54,410,313,688
511,Kalindi,Kemmey,kkemmey1u@symantec.com,269-509-2514,7/16/2017,43,$8915.95,462,398,619
521,Sela,D'Avaux,sdavaux1v@imageshack.us,598-688-0591,11/10/2017,24,$7542.68,492,333,615
420,Gothart,Dyment,gdyment1w@google.cn,478-502-3102,2/21/2017,12,$3534.71,474,370,614
405,Nicky,Backhouse,nbackhouse1x@answers.com,201-204-0976,8/29/2017,86,$6465.19,457,361,692
510,Stacey,Dyble,sdyble1y@comcast.net,257-821-9064,4/30/2017,82,$3197.79,421,311,650
402,Estella,Iacovino,eiacovino1z@devhub.com,516-167-8689,4/9/2017,75,$6782.13,419,360,671
425,Sonny,Hoyt,shoyt20@imdb.com,195-486-2132,1/21/2017,22,$2894.23,420,316,658
600,Datha,Kupka,dkupka21@smh.com.au,119-894-6441,10/31/2017,77,$5321.77,485,318,664
408,Currie,Adolphine,cadolphine22@ucla.edu,428-873-4867,1/19/2017,45,$5878.33,417,358,651
483,Dagmar,Hadingham,dhadingham23@4shared.com,349-618-9117,8/16/2017,96,$2648.28,481,330,644
422,Bessie,Kermit,bkermit24@mlb.com,826-144-7014,11/3/2017,29,$8501.35,498,351,665
532,Cary,Gordon-Giles,cgordongiles25@arstechnica.com,660-197-4752,11/14/2017,42,$6688.87,461,337,657
536,Meredeth,Astall,mastall26@opera.com,994-549-9323,2/15/2017,99,$990.72,412,336,616
599,Alfonse,Phippen,aphippen27@tmall.com,340-463-6345,5/1/2017,43,$1625.77,482,369,694
581,Jocelyne,Corain,jcorain28@about.com,213-662-3011,11/23/2017,80,$8160.18,419,381,603
465,Genna,Drable,gdrable29@fema.gov,284-410-3873,7/7/2017,100,$5916.78,478,369,681
458,Demeter,Edmans,dedmans2a@google.cn,271-456-6332,11/4/2017,7,$9795.84,447,306,688
423,Suzy,Sinnat,ssinnat2b@t-online.de,154-933-5931,5/15/2017,37,$3810.58,474,326,663
582,Janifer,Leckie,jleckie2c@gnu.org,155-903-4296,7/28/2017,19,$2814.93,491,310,604
438,Danna,Grumell,dgrumell2d@google.co.jp,988-676-2557,9/7/2017,18,$2183.44,437,308,678
441,Juliane,Prescote,jprescote2e@instagram.com,919-372-1160,12/7/2017,15,$4174.53,451,354,608
565,Alisander,Adnett,aadnett2f@shareasale.com,247-659-0611,12/24/2017,25,$4450.10,431,317,604
581,Mel,Langham,mlangham2g@goo.ne.jp,496-386-7794,8/8/2017,29,$3707.80,463,313,634
423,Lily,Alltimes,lalltimes2h@cloudflare.com,108-859-5569,3/11/2017,83,$5986.80,498,320,622
561,Jeralee,O'Lunney,jolunney2i@paypal.com,507-140-6595,1/19/2017,44,$4517.95,477,391,646
405,Gardner,Luckin,gluckin2j@qq.com,134-811-4163,5/13/2017,85,$7389.30,462,392,625
439,Rikki,Jerrim,rjerrim2k@technorati.com,963-509-2842,1/12/2017,78,$1717.73,468,381,635
559,Katee,Lilburn,klilburn2l@vimeo.com,593-430-3993,8/5/2017,99,$7563.07,464,309,665
556,Normie,Rosenqvist,nrosenqvist2m@tumblr.com,788-528-5304,12/24/2017,14,$3006.22,420,341,651
538,Patience,Rodgers,prodgers2n@patch.com,846-763-0662,2/26/2017,28,$2292.78,474,379,669
428,Noell,Kaemena,nkaemena2o@bing.com,693-221-1633,8/24/2017,50,$8512.85,448,355,685
518,Gerald,Crowden,gcrowden2p@scribd.com,574-337-5131,11/15/2017,21,$4119.02,457,340,656
438,Claudio,Pym,cpym2q@delicious.com,122-208-8722,6/19/2017,67,$7005.63,470,347,641
501,Marcella,Kinmond,mkinmond2r@walmart.com,728-686-0724,5/21/2017,78,$4531.18,461,320,606
