ID,FIRST_NAME,LAST_NAME,TYPE,DESIGNATION,ORGANIZATION,EMAIL,PHONE_NUMBER,AGE,LOCATION_ID
773,Magdalena,Sketcher,2,Chemical Engineer,Feedfire,msketcher0@list-manage.com,2902839069,45,58
366,Mikaela,Binding,1,Clinical Specialist,Pixoboo,mbinding1@e-recht24.de,8794844440,97,73
894,Cedric,Rout,2,Account Coordinator,Jabbersphere,crout2@cornell.edu,6568039471,35,345
912,Cristine,Parrin,1,Research Associate,Babblestorm,cparrin3@icq.com,6717397018,75,15284
798,Milena,Goggen,2,Registered Nurse,Eare,mgoggen4@chronoengine.com,4631128124,58,2
477,Fergus,Jeffers,2,Desktop Support Technician,Wikibox,fjeffers5@apache.org,7069764736,92,2812
832,Norton,Gianinotti,2,Administrative Assistant IV,Flashdog,ngianinotti6@google.ru,3137577463,24,92019
219,Andreas,Zaniolini,1,VP Quality Control,Wordpedia,azaniolini7@hud.gov,6842500946,100,5
153,Corilla,Pessold,2,Engineer I,Yabox,cpessold8@chicagotribune.com,9319234792,89,1896
109,Ingra,Allinson,2,Sales Representative,Edgeify,iallinson9@is.gd,4673339610,76,86234
426,Wynny,Elmes,1,Nurse Practicioner,Topdrive,welmesa@purevolume.com,6403623791,73,7459
839,Mattheus,Leavey,1,Senior Editor,Browsedrive,mleaveyb@odnoklassniki.ru,4605955974,83,3012
317,Damaris,Vuitton,2,Budget/Accounting Analyst II,Tanoodle,dvuittonc@gravatar.com,5904886764,74,15470
571,Raimundo,Goulbourne,2,Systems Administrator IV,Skinte,rgoulbourned@auda.org.au,6858626475,22,4
333,Rodolphe,McCartney,1,Database Administrator II,Kwideo,rmccartneye@unicef.org,3185009263,68,8
240,Penn,Bailes,1,Recruiter,Tagchat,pbailesf@vistaprint.com,8356870189,70,08417
207,Hedwiga,Kingswell,1,Senior Developer,Meeveo,hkingswellg@google.com,4185579932,68,61862
466,Arny,Vanyukhin,2,Software Test Engineer IV,Gigazoom,avanyukhinh@sun.com,4661602838,26,33
855,Henriette,Craghead,2,Professor,Divape,hcragheadi@domainmarket.com,2287420019,48,914
782,Aaren,Eyam,1,VP Accounting,Plambee,aeyamj@com.com,8734523406,98,0266
615,Jone,Ladley,2,Research Associate,Lajo,jladleyk@ibm.com,9798258781,21,017
358,Karlens,Strete,1,Teacher,Tagtune,kstretel@mapy.cz,6232569851,85,3
788,Stace,Grimsdyke,1,Quality Control Specialist,Topicstorm,sgrimsdykem@creativecommons.org,9491782687,58,35892
655,Filberto,Chaffe,1,Budget/Accounting Analyst II,Yozio,fchaffen@w3.org,9171269313,76,706
392,Sashenka,Piffe,1,Pharmacist,Blogspan,spiffeo@redcross.org,1984157038,49,276
717,Hartley,Beauchop,1,Automation Specialist II,Rhynyx,hbeauchopp@blogspot.com,7358729636,11,67673
378,Ingaborg,Ridd,1,Pharmacist,Twinder,iriddq@blogs.com,8783105340,28,625
883,Farr,Lampke,1,Quality Engineer,Realbuzz,flampker@gmpg.org,4016743633,47,21763
538,Kennedy,Gradley,1,Editor,Gabvine,kgradleys@tuttocitta.it,3205542307,87,57
254,Lula,Steinson,2,Administrative Assistant III,Shuffletag,lsteinsont@privacy.gov.au,3541503138,26,432
361,Tamarra,Candwell,1,Sales Representative,Zoonder,tcandwellu@google.fr,2224185754,14,191
749,Cleavland,Danilovich,1,Internal Auditor,Voonyx,cdanilovichv@reuters.com,2235601644,29,424
430,Ugo,Realy,2,Senior Financial Analyst,Yodo,urealyw@europa.eu,1927787885,84,385
930,Allyce,Grimsdike,1,Automation Specialist III,Jaxnation,agrimsdikex@economist.com,1735152777,26,44
202,Hesther,Standbridge,2,Senior Developer,Minyx,hstandbridgey@mapquest.com,9159572000,98,808
237,Nicol,Biscomb,1,Financial Analyst,Ailane,nbiscombz@webeden.co.uk,2934375895,75,7
944,Giustino,Brandreth,1,Structural Analysis Engineer,Devpoint,gbrandreth10@yahoo.com,8085612335,96,769
678,Isabelita,Josse,2,Engineer II,Wordpedia,ijosse11@jimdo.com,4507102309,91,322
584,Kimble,McPheat,1,Human Resources Manager,Omba,kmcpheat12@sciencedaily.com,6419013005,94,3
100,Benny,Basil,1,Desktop Support Technician,Zooveo,bbasil13@imdb.com,1455616365,10,76
386,Janeta,Buzin,1,Pharmacist,Tagopia,jbuzin14@google.co.jp,4592368407,56,4870
221,Arleta,Kerford,1,Accounting Assistant III,Voonte,akerford15@dailymotion.com,2974741123,40,65146
840,Fraze,Bwye,2,Administrative Officer,Edgeblab,fbwye16@unc.edu,1699433285,37,59146
991,Roi,Beldum,1,Graphic Designer,Skippad,rbeldum17@irs.gov,3066544186,57,18
562,Idalina,Seer,1,Analyst Programmer,Tambee,iseer18@aboutads.info,8868565382,33,88159
292,Yorke,Bowton,1,Civil Engineer,Quimm,ybowton19@dailymotion.com,7722322504,98,999
392,Seward,Rhodef,2,Administrative Officer,Meevee,srhodef1a@t-online.de,6336530085,81,46602
939,Aylmar,Grewcock,2,Administrative Officer,Oyondu,agrewcock1b@smh.com.au,5903762247,90,81
360,Putnam,Navarro,1,Clinical Specialist,Gigaclub,pnavarro1c@china.com.cn,5456803810,30,258
964,Tybie,Shopcott,1,Payment Adjustment Coordinator,Mybuzz,tshopcott1d@pen.io,2842516107,99,18282
749,Eden,Readitt,2,Dental Hygienist,Thoughtbridge,ereaditt1e@netlog.com,2384616622,38,407
382,Marco,Heineke,2,Staff Accountant I,Jatri,mheineke1f@seesaa.net,1985378932,20,2
315,Nigel,Rosenbusch,1,Associate Professor,Riffpath,nrosenbusch1g@geocities.jp,2053276334,27,546
871,Josias,Docherty,1,Community Outreach Specialist,Realbridge,jdocherty1h@photobucket.com,7939700120,11,930
761,Fifine,Hebbron,1,Marketing Manager,Brainverse,fhebbron1i@hugedomains.com,8731085780,19,66
497,Jenna,Newson,1,Technical Writer,Oba,jnewson1j@kickstarter.com,1384596286,76,7
304,Lynnea,Dargavel,1,Compensation Analyst,Meejo,ldargavel1k@slate.com,7978682201,50,0
717,Jordan,Shimman,2,Actuary,Mita,jshimman1l@europa.eu,7048730947,65,219
854,Goldy,Newarte,2,Marketing Manager,Teklist,gnewarte1m@virginia.edu,9599212574,82,702
389,Kylie,Duquesnay,2,Technical Writer,Buzzshare,kduquesnay1n@zdnet.com,7916727661,57,0943
875,Buffy,Feldman,1,Sales Representative,Linkbridge,bfeldman1o@example.com,4559854463,64,87
832,Nap,Swayne,1,Cost Accountant,Oodoo,nswayne1p@tiny.cc,1572315685,87,088
158,Mommy,Gritten,2,Technical Writer,Wikizz,mgritten1q@stanford.edu,7298127817,76,93525
510,Avery,MacIlriach,1,Budget/Accounting Analyst I,Miboo,amacilriach1r@noaa.gov,6932248621,87,032
136,Hartley,Pinwill,1,Actuary,Ntag,hpinwill1s@npr.org,8528898025,22,3842
484,Kiersten,Renison,2,Chief Design Engineer,Realbridge,krenison1t@noaa.gov,8958681729,74,368
921,Shanie,Wince,2,General Manager,Yadel,swince1u@creativecommons.org,7676196106,58,02
843,Virginia,McKew,2,General Manager,Yodel,vmckew1v@ehow.com,3757968778,96,58
673,Ashlie,Edgworth,2,Web Developer I,Zooveo,aedgworth1w@skyrock.com,4256659018,26,35
982,Robenia,Band,1,Technical Writer,Fivebridge,rband1x@state.gov,3183799590,70,98
840,Xerxes,Auston,2,Project Manager,Youspan,xauston1y@google.fr,8492071789,55,04055
912,Norbie,Theobold,1,Office Assistant IV,Youspan,ntheobold1z@bluehost.com,5403750164,22,74589
576,Tonnie,Gilroy,1,Media Manager III,Devpulse,tgilroy20@netlog.com,9286601821,20,8
476,Maxy,Bafford,2,VP Accounting,Tekfly,mbafford21@google.it,2618870227,78,72220
268,Harlen,Reinbech,2,Editor,Trupe,hreinbech22@meetup.com,2392259787,13,6
649,Haven,Kuhl,2,Financial Analyst,Quimba,hkuhl23@linkedin.com,2156626613,50,303
255,Talyah,Coch,1,Executive Secretary,Skidoo,tcoch24@telegraph.co.uk,4167902959,83,7
156,Charyl,Dufer,2,Developer III,Oyonder,cdufer25@cafepress.com,2596955381,52,2531
922,Jeth,Vaneev,1,Product Engineer,Gigashots,jvaneev26@umich.edu,3089668135,18,34507
144,Dita,Gallahar,1,Editor,Trunyx,dgallahar27@nps.gov,9637719537,10,31
706,Colette,De Haven,1,Financial Analyst,Ntags,cdehaven28@cafepress.com,7154302106,97,461
445,Hana,Whiskerd,2,Physical Therapy Assistant,Riffwire,hwhiskerd29@who.int,7056354292,87,9
903,Steve,Park,1,Cost Accountant,Cogidoo,spark2a@e-recht24.de,7683001269,60,4
447,June,Towe,2,VP Quality Control,Realmix,jtowe2b@goo.gl,2332530335,23,0
697,Mason,Asple,2,Account Representative III,Browsetype,masple2c@xinhuanet.com,1603530805,80,33
917,Alicea,Vaskov,1,Tax Accountant,Youtags,avaskov2d@amazon.co.uk,5891605814,79,57567
774,Richart,Bengtsen,2,Structural Engineer,Roombo,rbengtsen2e@marriott.com,6368242019,97,05
765,Brendin,Hischke,2,Staff Scientist,Browsecat,bhischke2f@odnoklassniki.ru,2649522974,76,24534
832,Sile,Jannex,2,Financial Analyst,Blogtag,sjannex2g@cnbc.com,1779353961,63,622
394,Ingar,Snodden,1,Community Outreach Specialist,Devpulse,isnodden2h@i2i.jp,9984621271,87,05876
762,Jackelyn,Stretton,2,Chemical Engineer,Demivee,jstretton2i@jimdo.com,7817722413,22,239
863,Tamera,McCreery,1,Registered Nurse,Yodel,tmccreery2j@harvard.edu,4715265185,65,89386
562,Noell,Plumbley,2,Nurse Practicioner,Browsezoom,nplumbley2k@hp.com,7991295739,89,44715
900,Marve,Yesipov,1,VP Product Management,Mymm,myesipov2l@bandcamp.com,1018020318,27,58
227,Lynn,Neeves,1,Technical Writer,Tazz,lneeves2m@skype.com,6518379072,78,804
637,Annie,Igglesden,2,Assistant Media Planner,Quimm,aigglesden2n@usgs.gov,6128710716,60,69
512,Francene,Woffenden,2,Senior Developer,Zoombeat,fwoffenden2o@buzzfeed.com,1058240319,24,8386
207,Torey,Lackemann,2,Biostatistician IV,Devbug,tlackemann2p@ucoz.com,4234969027,98,81342
231,Forster,Miquelet,1,Graphic Designer,Kwideo,fmiquelet2q@accuweather.com,3086461776,33,77
690,Janna,Eadmead,1,Senior Quality Engineer,Linklinks,jeadmead2r@yahoo.com,1041666769,71,9
519,Sacha,Morando,1,Project Manager,Teklist,smorando2s@ihg.com,9485569928,61,80351
785,Pierrette,Wainscot,2,Compensation Analyst,Rhyloo,pwainscot2t@wordpress.com,8789511163,23,4100
587,Salvatore,Olczak,2,Recruiter,Oloo,solczak2u@nymag.com,5987745292,60,5
503,Honor,Clampin,2,Paralegal,Buzzshare,hclampin2v@squarespace.com,7291140295,34,5165
107,Jackquelin,Eisig,2,Professor,Cogilith,jeisig2w@microsoft.com,3413051920,63,2
445,Jedd,Dicky,1,Cost Accountant,Tekfly,jdicky2x@ca.gov,3185335082,11,99392
453,Barret,Scammell,1,Accountant I,Twinte,bscammell2y@studiopress.com,5766042860,76,3962
725,Alica,Suttle,2,Account Executive,Tekfly,asuttle2z@blogs.com,3472850704,58,8654
268,Kristoffer,Guilleton,2,Tax Accountant,Twinder,kguilleton30@yelp.com,9935194619,81,5776
260,Elie,Littlejohn,2,VP Quality Control,Gabtune,elittlejohn31@google.co.jp,5687230251,66,40
926,Essie,Gun,1,General Manager,Youspan,egun32@harvard.edu,7655163815,61,35
704,Viola,Serridge,1,Internal Auditor,Kimia,vserridge33@cdbaby.com,7285537255,31,8
409,Lyndsie,Oldaker,1,Chief Design Engineer,Youspan,loldaker34@yellowbook.com,5272760066,24,927
135,Dianemarie,Piatkowski,2,Recruiter,Brightbean,dpiatkowski35@google.nl,8067530942,59,897
572,Hedda,Balducci,1,Librarian,Feedfish,hbalducci36@wikimedia.org,8747163097,80,210
360,Danila,Whyffen,2,Accounting Assistant IV,Topicstorm,dwhyffen37@umn.edu,5023838880,60,3323
888,Olwen,Verey,1,Tax Accountant,Ntags,overey38@msn.com,6536344603,50,7
188,Tyson,Drinkel,1,Design Engineer,Skyba,tdrinkel39@businessweek.com,6384667567,49,65887
810,Torrie,Steven,2,Accountant IV,Skaboo,tsteven3a@yellowpages.com,3447901723,30,87865
304,Lenee,Mordue,2,Sales Representative,Skimia,lmordue3b@reference.com,7246607894,32,879
489,Luce,Currell,1,Nurse Practicioner,Rooxo,lcurrell3c@biglobe.ne.jp,5491920236,32,3
799,Corabel,Elford,1,Sales Associate,Rhyloo,celford3d@abc.net.au,3353256280,42,0203
977,Alberto,Silverthorne,1,Budget/Accounting Analyst I,Oloo,asilverthorne3e@wix.com,6393604964,71,90704
113,Upton,Boosey,1,Senior Financial Analyst,Yodo,uboosey3f@noaa.gov,6519683258,25,3
965,Matilda,Brito,2,Technical Writer,Kwinu,mbrito3g@liveinternet.ru,2669415862,62,10
181,Siusan,Amthor,1,Recruiter,Wikivu,samthor3h@reuters.com,4899237113,36,376
386,Levy,Parnham,2,Account Executive,Kwimbee,lparnham3i@vinaora.com,2891789728,14,6497
129,Brenden,Peddie,2,Nurse,Feedfish,bpeddie3j@dailymotion.com,3291701219,96,7909
107,Jeff,Vairow,1,Social Worker,Linkbuzz,jvairow3k@china.com.cn,6589645014,50,39
344,Wilbert,Haggith,2,Sales Associate,Photojam,whaggith3l@unesco.org,4113695374,86,71416
353,Alice,Whitehead,1,Clinical Specialist,Oodoo,awhitehead3m@altervista.org,5395128168,13,557
435,Tommie,Cracker,1,Web Developer II,Brainsphere,tcracker3n@yellowbook.com,8496932977,71,5
432,Karine,Gage,2,Health Coach IV,Tagcat,kgage3o@people.com.cn,3637033428,54,7
858,Kirsten,Catley,2,Research Nurse,Cogilith,kcatley3p@clickbank.net,6421159323,72,7005
278,Carla,Samart,1,Tax Accountant,Thoughtmix,csamart3q@zimbio.com,6297672475,58,53
918,Leesa,Frantsev,1,Programmer I,Skinte,lfrantsev3r@sakura.ne.jp,4307586266,24,8888
159,Mella,Marklund,2,Recruiting Manager,Blogtags,mmarklund3s@photobucket.com,3001621790,22,2635
159,Ash,Rex,2,Senior Cost Accountant,Jabbertype,arex3t@t.co,8449744987,50,29
728,Ailsun,Menhci,2,Project Manager,Eadel,amenhci3u@hp.com,8699966009,49,6
510,Ronny,Tack,2,Account Executive,Twitterworks,rtack3v@joomla.org,1245736585,88,8522
503,Aldin,Abeau,1,Software Engineer II,Pixonyx,aabeau3w@seesaa.net,1681479095,24,7290
734,Martin,Hirthe,2,Nurse,Shufflester,mhirthe3x@tripod.com,1257766976,28,9
625,Ernaline,Gaughan,1,Internal Auditor,Mydo,egaughan3y@wsj.com,5655142370,86,9
936,Cecily,Dicken,2,Community Outreach Specialist,Shufflebeat,cdicken3z@salon.com,8581021589,21,733
548,Cris,Bladen,1,Web Developer I,Vimbo,cbladen40@cnbc.com,3777583348,56,3
868,Othello,Moffett,2,Geologist III,Thoughtbeat,omoffett41@delicious.com,2648512510,59,3100
553,Kirstyn,Cure,2,Structural Analysis Engineer,Viva,kcure42@wunderground.com,7993752301,79,1191
148,Rusty,Cooksey,2,Design Engineer,Vipe,rcooksey43@chicagotribune.com,8118369627,92,5119
818,Marcella,Dhillon,1,Staff Accountant I,Izio,mdhillon44@apache.org,7057071007,45,91880
143,Bevon,Kopta,1,Professor,Jayo,bkopta45@issuu.com,6412940210,74,61
927,Evonne,Earle,1,Developer I,Rhyzio,eearle46@merriam-webster.com,7728546049,66,06
964,Maxie,Shurmer,2,Budget/Accounting Analyst I,Jetwire,mshurmer47@mit.edu,4864535890,40,9
880,Theresina,Lamberteschi,2,Executive Secretary,Dabfeed,tlamberteschi48@latimes.com,8273695734,48,281
295,Nata,Forbes,2,Nuclear Power Engineer,Skynoodle,nforbes49@miibeian.gov.cn,3042726183,46,3
334,Timothy,Tweddle,2,Product Engineer,Avaveo,ttweddle4a@qq.com,8327348698,46,63474
951,Beltran,Worshall,1,Director of Sales,Kamba,bworshall4b@furl.net,3312674402,51,73
842,Rollin,Gillions,2,Budget/Accounting Analyst II,Tagopia,rgillions4c@economist.com,5912442194,28,280
150,Georgette,Quilligan,1,Help Desk Technician,Jabberstorm,gquilligan4d@patch.com,6465402204,68,4
435,Findlay,Goldstein,2,Cost Accountant,Snaptags,fgoldstein4e@archive.org,3015172668,56,399
971,Padraig,Scorey,1,Systems Administrator I,Thoughtworks,pscorey4f@cpanel.net,2277860336,33,20681
334,Josefa,Meeks,1,Design Engineer,Linklinks,jmeeks4g@eepurl.com,7309029275,94,659
432,Chester,Colby,1,Staff Accountant III,Skipstorm,ccolby4h@adobe.com,5872421989,74,9
167,Scarlet,Kemme,2,Physical Therapy Assistant,Midel,skemme4i@springer.com,9462855394,89,782
110,Barnebas,Vineall,2,Quality Control Specialist,Skimia,bvineall4j@si.edu,6773834709,86,31453
312,Lyell,Savil,2,Administrative Officer,Eayo,lsavil4k@walmart.com,2636196247,13,3919
582,Ivett,Leitch,2,Associate Professor,Buzzdog,ileitch4l@ucoz.ru,5753545130,64,1
863,Warner,Forrestall,2,Developer IV,Tagpad,wforrestall4m@com.com,2234874305,68,5
648,Sashenka,Haugg,1,Staff Accountant II,Yodo,shaugg4n@newsvine.com,8371284832,69,7634
691,Dane,Duiguid,1,Graphic Designer,Devcast,dduiguid4o@elpais.com,8502730622,28,8978
886,Dan,Balaam,2,Senior Quality Engineer,Centizu,dbalaam4p@seesaa.net,4916859091,78,7964
568,Anestassia,Jakubowski,2,Nurse,Tambee,ajakubowski4q@pinterest.com,3886998951,77,99
710,Deloris,Hubert,2,VP Product Management,Flashpoint,dhubert4r@twitter.com,6987103804,23,9
139,Cathie,Ferres,1,Occupational Therapist,Gigashots,cferres4s@feedburner.com,7784521768,22,970
875,Miltie,Grishin,2,Senior Cost Accountant,Topicware,mgrishin4t@amazon.co.uk,9834763810,54,1984
975,Timmie,Bickle,2,Geologist III,Wordtune,tbickle4u@engadget.com,7586551647,84,7903
767,Dodie,St. Ledger,1,Actuary,Thoughtbeat,dstledger4v@github.com,5218648531,44,33793
829,Corabel,Passler,2,Human Resources Manager,Vipe,cpassler4w@wiley.com,6211102927,78,1
345,Hollis,Marsy,2,Financial Advisor,Wordware,hmarsy4x@t-online.de,2772124387,77,0614
404,Derk,Upshall,2,Internal Auditor,Jayo,dupshall4y@stumbleupon.com,6471598665,41,05
667,Violante,McNamara,2,Occupational Therapist,Mita,vmcnamara4z@live.com,3464960028,46,5
964,Larina,Tetla,2,Software Consultant,Babbleopia,ltetla50@about.com,7801787851,73,3
900,Ferdie,Lill,1,Staff Accountant I,Meetz,flill51@aol.com,1729562182,56,376
425,Saunderson,Pizzey,2,Editor,Jabberbean,spizzey52@newsvine.com,2166596548,51,875
506,Tobe,Guye,2,Physical Therapy Assistant,Skynoodle,tguye53@tmall.com,7088617360,80,34
380,Mariele,Gallemore,2,Budget/Accounting Analyst IV,Wikibox,mgallemore54@craigslist.org,4996919642,66,651
145,Isaac,Lapidus,1,VP Quality Control,Brainbox,ilapidus55@patch.com,9871489518,28,631
539,Larry,Wolverson,2,Research Nurse,Jabbercube,lwolverson56@php.net,6785975410,84,48
993,Alden,Riddoch,1,Data Coordiator,Brainverse,ariddoch57@mtv.com,5348600137,68,337
668,Nicolais,Meaders,2,Senior Sales Associate,Linklinks,nmeaders58@biglobe.ne.jp,9139664415,45,1752
264,Fredia,Astlatt,1,Structural Analysis Engineer,Topiclounge,fastlatt59@google.fr,7682386047,12,32181
980,Seumas,Tender,2,Technical Writer,Gigashots,stender5a@friendfeed.com,8485141259,62,04
757,Dante,Quilligan,2,Web Designer III,Mydo,dquilligan5b@senate.gov,7992751105,97,392
980,Harmony,Robelow,2,Human Resources Assistant I,Dabshots,hrobelow5c@nps.gov,9404793596,31,59
396,Gussie,Hirjak,2,Senior Developer,Npath,ghirjak5d@unesco.org,7017123900,73,17542
321,Raymund,Ingon,1,Senior Cost Accountant,Gabspot,ringon5e@mapy.cz,7161472036,51,12
817,Orelle,Tabbernor,2,Human Resources Manager,Shufflester,otabbernor5f@wired.com,9356846744,37,54
814,Andres,Ocheltree,2,Software Test Engineer I,Dazzlesphere,aocheltree5g@cnbc.com,5318756610,70,197
284,Si,Petri,2,Civil Engineer,Skimia,spetri5h@infoseek.co.jp,1191271368,14,8
595,Hestia,Budibent,1,Account Executive,Zazio,hbudibent5i@fastcompany.com,5335867189,49,4704
408,Donica,Sempill,1,Environmental Tech,Quamba,dsempill5j@nytimes.com,7593636602,79,4797
961,Jehu,Debenham,1,Help Desk Technician,Eadel,jdebenham5k@usatoday.com,3819282573,47,9126
507,Bradney,Alcoran,2,Senior Sales Associate,Twiyo,balcoran5l@marketwatch.com,3118955967,91,40
667,Siana,Hegarty,1,Senior Financial Analyst,Edgewire,shegarty5m@amazonaws.com,1344833529,57,925
594,Hayden,Grimstead,1,Compensation Analyst,Fatz,hgrimstead5n@cpanel.net,6807005915,35,54
751,Lexine,Moine,2,Director of Sales,Zooxo,lmoine5o@biblegateway.com,4442409928,43,3050
662,Kitty,Iacomi,1,Actuary,Pixonyx,kiacomi5p@etsy.com,3005727632,61,40231
624,Maggie,Curneen,1,Health Coach III,Rooxo,mcurneen5q@redcross.org,3917019519,73,2187
464,Clarissa,Dobbinson,1,Senior Sales Associate,Buzzshare,cdobbinson5r@patch.com,8213384847,88,1396
609,Anjanette,Fiddy,2,Mechanical Systems Engineer,Topiczoom,afiddy5s@blogspot.com,4134087363,23,5
927,Arlee,Olenichev,1,Administrative Assistant III,Demimbu,aolenichev5t@dell.com,7461964633,81,14859
996,Elliott,Leither,1,Physical Therapy Assistant,Tagchat,eleither5u@netscape.com,8918012252,39,430
807,Waverley,Emlyn,1,Environmental Tech,Trupe,wemlyn5v@gizmodo.com,5401067188,20,81206
234,Torrie,Kinavan,2,Systems Administrator III,Zooveo,tkinavan5w@cam.ac.uk,1128458516,78,93
606,Burt,Pitone,2,Assistant Media Planner,Trunyx,bpitone5x@va.gov,1871531828,58,29
135,Marge,Whilde,2,Budget/Accounting Analyst I,Eamia,mwhilde5y@wp.com,7671490474,35,8064
893,Cash,Cubbinelli,2,Staff Accountant II,Topiclounge,ccubbinelli5z@studiopress.com,7755034248,56,210
383,Jackqueline,Healeas,1,Recruiting Manager,Skimia,jhealeas60@yellowpages.com,6412928191,83,174
436,Charlton,Lesser,1,Environmental Specialist,Mydo,clesser61@gizmodo.com,7788535549,96,4497
274,Hinze,Densham,1,Accounting Assistant II,Tagtune,hdensham62@mysql.com,6824313912,47,75212
259,Welsh,Longhorn,2,Data Coordiator,Avamm,wlonghorn63@pinterest.com,1149863252,81,72589
407,Kerrill,Eate,1,Associate Professor,Eire,keate64@sogou.com,8368152092,15,270
266,Nell,Whittam,1,Quality Control Specialist,DabZ,nwhittam65@soup.io,2533387983,86,23
602,Rickey,O'Brogan,2,Accountant III,Wikizz,robrogan66@thetimes.co.uk,9385128163,61,01
630,Aurore,Gemlbett,2,Help Desk Operator,Dabshots,agemlbett67@cbc.ca,7328026737,97,7
737,Damaris,Sam,1,Actuary,Jabbersphere,dsam68@is.gd,7428975085,56,500
159,Aila,Shoorbrooke,2,Product Engineer,Voonte,ashoorbrooke69@nifty.com,6998718858,83,53180
616,Noel,Han,2,Research Nurse,Chatterpoint,nhan6a@posterous.com,2285929799,15,09942
701,Tina,Eddins,2,Nuclear Power Engineer,Youtags,teddins6b@so-net.ne.jp,8801245613,73,9
915,Reiko,Vanichkin,2,Safety Technician II,Npath,rvanichkin6c@oracle.com,9527379712,11,7
156,Doris,Bonnett,1,Environmental Specialist,Fiveclub,dbonnett6d@paypal.com,8604449151,44,747
795,Hogan,Antognozzii,2,GIS Technical Architect,Einti,hantognozzii6e@microsoft.com,1366001773,18,6459
918,Carlyn,Najera,1,Engineer II,Mycat,cnajera6f@sbwire.com,5509708354,36,35129
888,Kaela,Pantry,1,Recruiting Manager,Feedmix,kpantry6g@topsy.com,7636342244,64,9
604,Pierson,Schwandermann,2,Project Manager,Jabbertype,pschwandermann6h@census.gov,6513445250,12,676
853,Dickie,Hampshire,2,Programmer Analyst IV,Zoonoodle,dhampshire6i@buzzfeed.com,9182366754,95,068
196,Blondy,Azam,2,VP Product Management,LiveZ,bazam6j@columbia.edu,7342164436,17,6843
523,Esmaria,Tym,1,Budget/Accounting Analyst IV,Nlounge,etym6k@simplemachines.org,8491774341,25,8
499,Mella,Bichard,2,Junior Executive,Jaxbean,mbichard6l@disqus.com,3084740013,71,76
412,Bordie,McNickle,2,Graphic Designer,Photojam,bmcnickle6m@baidu.com,7877569518,94,19776
624,Garv,Eveque,1,Business Systems Development Analyst,Roodel,geveque6n@shutterfly.com,7243538260,45,1652
404,Sharyl,McAless,1,Account Coordinator,Jayo,smcaless6o@telegraph.co.uk,4522108767,98,487
973,Emory,MacGuffog,2,Business Systems Development Analyst,Ooba,emacguffog6p@multiply.com,9799708346,70,6630
213,Levi,Biggar,1,Executive Secretary,Wikibox,lbiggar6q@goodreads.com,7406433766,84,69
514,Indira,Looney,2,Executive Secretary,Fivespan,ilooney6r@nasa.gov,7385525881,80,1
225,Rozamond,Stoven,2,Biostatistician IV,Dabtype,rstoven6s@tiny.cc,5269380171,48,229
551,Hillyer,Salman,1,Payment Adjustment Coordinator,Tagopia,hsalman6t@bing.com,4844158086,27,50478
582,Neill,Monget,1,Recruiter,Livefish,nmonget6u@princeton.edu,5659789522,22,870
436,Emilio,Wheildon,2,Software Test Engineer II,Innojam,ewheildon6v@bloomberg.com,9811278899,68,670
629,Bart,Redemile,2,Financial Advisor,Brightbean,bredemile6w@unc.edu,1255266239,54,5
212,Haily,Jellman,2,Software Engineer I,Feedfish,hjellman6x@squarespace.com,5636441353,94,954
690,Leila,Persent,2,Web Developer IV,Yabox,lpersent6y@dailymotion.com,6126997688,39,52
918,Paddy,Haglinton,1,Developer IV,Jamia,phaglinton6z@ucla.edu,9537868735,41,05
140,Cleve,Jurczak,2,Clinical Specialist,Aimbu,cjurczak70@bloglovin.com,6675584556,58,100
408,Gradeigh,Sweatland,1,VP Accounting,Vinte,gsweatland71@hibu.com,3788071763,99,47
482,Corabelle,Hindenburg,1,Safety Technician I,Voonder,chindenburg72@usda.gov,7988098022,51,470
697,Thibaut,Boddice,2,Quality Control Specialist,Skimia,tboddice73@nydailynews.com,1932001592,54,4
912,Cherri,Brymner,1,Compensation Analyst,Fivespan,cbrymner74@japanpost.jp,5749362795,28,50
105,Olly,Palin,1,Analyst Programmer,Ntags,opalin75@mozilla.org,6624032026,83,43
853,Shae,Calderbank,1,Senior Editor,Livetube,scalderbank76@bbb.org,5407436926,74,8
312,Noelyn,Bonome,2,Research Nurse,Yotz,nbonome77@statcounter.com,7972229327,14,643
258,Mahalia,Phibb,2,Accounting Assistant I,Gabtype,mphibb78@usnews.com,5811648669,20,8
204,Winfred,Breddy,2,Chief Design Engineer,Yozio,wbreddy79@amazonaws.com,3445615522,32,4958
605,Jed,Buckhurst,2,Registered Nurse,Kare,jbuckhurst7a@delicious.com,8505949119,50,97
941,Fabio,Downie,1,Mechanical Systems Engineer,Feedfire,fdownie7b@icq.com,9155541050,68,93689
575,Rhett,Beacroft,2,Nuclear Power Engineer,Twimm,rbeacroft7c@i2i.jp,8051089082,83,45206
920,Lee,Westnedge,2,Structural Engineer,Feedspan,lwestnedge7d@godaddy.com,7725052685,50,44899
644,Timmie,Harcarse,1,VP Quality Control,Shufflester,tharcarse7e@github.io,8243328120,77,73211
156,Ebony,Dominichetti,1,Teacher,Dazzlesphere,edominichetti7f@loc.gov,3308981464,39,748
474,Ulberto,Phaup,2,Librarian,Edgetag,uphaup7g@cbc.ca,5989764234,25,02122
311,Celeste,Gibbie,2,Teacher,Eayo,cgibbie7h@thetimes.co.uk,3417621463,39,5050
858,Modestia,Vlasov,2,Developer II,Zoomlounge,mvlasov7i@globo.com,2619950869,53,83068
720,Halie,Benedtti,1,Structural Engineer,Abatz,hbenedtti7j@china.com.cn,2431239122,65,5
184,Phillie,Quantick,2,Developer I,Kayveo,pquantick7k@friendfeed.com,8945110085,79,6861
896,Lilyan,Harce,1,Systems Administrator II,Skilith,lharce7l@sfgate.com,5248022671,75,497
364,Murray,Allerton,2,Safety Technician II,Realfire,mallerton7m@youtube.com,1891354032,62,9391
509,Eachelle,O'Gorman,2,Structural Analysis Engineer,Gabtype,eogorman7n@ovh.net,7388246231,80,004
119,Dacey,Ricciardello,2,Editor,Gigabox,dricciardello7o@ovh.net,9604197236,23,35615
370,Clyve,Mowbray,1,Clinical Specialist,Devpulse,cmowbray7p@nih.gov,9954700805,14,4
665,Tomasine,Donson,2,Human Resources Assistant II,Centizu,tdonson7q@ibm.com,5996706852,56,25
103,Gill,Sollime,2,Recruiter,Edgeclub,gsollime7r@twitter.com,6627724479,74,94
196,Brenda,Perview,2,Software Engineer II,Devcast,bperview7s@jigsy.com,4744157099,87,6945
225,Lorry,Clemens,1,Sales Representative,Topicware,lclemens7t@unblog.fr,4869237318,34,42
798,Maryjane,Pidgin,1,Professor,Riffpedia,mpidgin7u@nba.com,7173209215,46,196
601,Nehemiah,Kacheller,1,Clinical Specialist,Zoozzy,nkacheller7v@ucoz.com,3606237827,32,93
390,Roarke,Auchterlony,2,Legal Assistant,Cogibox,rauchterlony7w@noaa.gov,4744639190,54,3
122,Ephrem,Espinha,1,Analog Circuit Design manager,Jaxspan,eespinha7x@craigslist.org,7294932574,67,1531
277,Branden,Blair,2,Mechanical Systems Engineer,Tazz,bblair7y@scribd.com,2511935442,44,30477
979,Paton,Witcher,1,Analog Circuit Design manager,Mydo,pwitcher7z@java.com,2731954506,68,31
535,Abdul,Simonnot,2,VP Marketing,Browsedrive,asimonnot80@imdb.com,6042496291,19,58
247,Wynn,Leet,2,Professor,Quatz,wleet81@guardian.co.uk,8449236976,11,973
394,Barbey,Gudge,2,Developer IV,Eazzy,bgudge82@privacy.gov.au,7832660157,100,7506
969,Glynda,Roseborough,2,Mechanical Systems Engineer,Twitterbeat,groseborough83@un.org,3652074372,69,758
986,Jamie,Van Merwe,1,Marketing Manager,Flipopia,jvanmerwe84@google.it,8982407801,64,8
795,Bibby,Sorensen,2,Nuclear Power Engineer,Oyoloo,bsorensen85@who.int,6421464403,77,21
127,Clem,Teague,2,Structural Analysis Engineer,Plambee,cteague86@google.it,3467380099,31,7
661,Aaron,Capner,1,Media Manager IV,Kwideo,acapner87@boston.com,4446968701,16,41968
587,Zorana,Gilham,1,Librarian,Tagtune,zgilham88@amazon.co.uk,1042511323,99,3
772,Deanna,Bale,1,Systems Administrator III,Topicware,dbale89@cbc.ca,7181600923,20,49
959,Sacha,Nendick,1,Information Systems Manager,Shufflebeat,snendick8a@epa.gov,7072835180,16,196
490,Bathsheba,Prettyjohns,2,Developer IV,Browsecat,bprettyjohns8b@prnewswire.com,1404030961,42,0
637,Quent,Bewfield,1,Desktop Support Technician,Mynte,qbewfield8c@nyu.edu,7443511250,24,77221
293,Phedra,Gimblett,2,Chief Design Engineer,Jabbersphere,pgimblett8d@godaddy.com,2017725047,84,3
933,Ulrikaumeko,Tysall,2,Payment Adjustment Coordinator,Ntags,utysall8e@umn.edu,3931334613,77,458
876,Delano,MacDwyer,1,Senior Quality Engineer,Buzzbean,dmacdwyer8f@sbwire.com,7845602684,56,7
990,Izzy,Buscher,1,Web Developer IV,Riffpedia,ibuscher8g@youtube.com,5461927940,62,5
846,Jeff,Humm,1,Structural Analysis Engineer,Realbridge,jhumm8h@ed.gov,5015225216,26,807
562,Sherlocke,Giraudel,1,Community Outreach Specialist,Demivee,sgiraudel8i@biglobe.ne.jp,3124038263,54,61219
322,Langston,Armal,1,Developer IV,Aimbo,larmal8j@salon.com,5334435357,100,131
571,Marylou,Rosnau,1,Quality Control Specialist,Babbleset,mrosnau8k@woothemes.com,4643382011,55,9142
187,Harland,Conkie,2,Nuclear Power Engineer,Jabbersphere,hconkie8l@dmoz.org,9671693135,10,3
263,Zoe,Youthed,2,Computer Systems Analyst IV,Jabbercube,zyouthed8m@de.vu,4914493855,83,8
253,Kakalina,Corton,2,Product Engineer,Yodo,kcorton8n@biblegateway.com,9273513564,60,8289
639,Aura,Mowbray,2,Geological Engineer,Gigabox,amowbray8o@yandex.ru,7075340630,59,1293
235,Gracie,Oseland,1,Budget/Accounting Analyst III,Shufflester,goseland8p@paypal.com,6195803484,84,4
967,Barde,Hamson,2,Accounting Assistant II,Demizz,bhamson8q@linkedin.com,6582387457,96,622
160,Gabriell,Le Barre,2,Research Nurse,Einti,glebarre8r@squidoo.com,7812191064,63,8
947,Michale,Chaplyn,1,Administrative Officer,Zoovu,mchaplyn8s@forbes.com,5338592391,36,8116
530,Uta,Ripper,2,Health Coach IV,Buzzshare,uripper8t@geocities.jp,7786647032,37,05678
460,Welby,Readwin,2,Quality Engineer,Tavu,wreadwin8u@tripod.com,3897024568,23,637
764,Lyon,Sefton,1,Sales Representative,Mita,lsefton8v@thetimes.co.uk,7023858176,16,6169
301,Roddy,Ling,2,VP Quality Control,Brainverse,rling8w@wordpress.org,4824338213,76,1166
540,Eddie,Dene,2,Senior Editor,Cogibox,edene8x@webs.com,9455627551,21,139
601,Dirk,Stritton,1,Health Coach II,Vidoo,dstritton8y@simplemachines.org,1377876989,57,882
153,Duane,McCreath,2,Associate Professor,Kayveo,dmccreath8z@lycos.com,7528622972,100,512
542,Dickie,Kuhnt,1,Human Resources Manager,Viva,dkuhnt90@uol.com.br,6143009910,86,9
597,Vale,Sanbrook,1,Information Systems Manager,Gigashots,vsanbrook91@slashdot.org,5737493776,79,48554
252,Joeann,Fowlston,2,Biostatistician III,Skiba,jfowlston92@cnbc.com,5494818912,50,30
332,Scot,Warstall,2,Human Resources Manager,Bluezoom,swarstall93@icq.com,6327925203,67,3457
255,Sula,Curbishley,2,Teacher,Wordpedia,scurbishley94@sun.com,3725165700,64,81
795,Morton,Hayer,2,Marketing Manager,Topicshots,mhayer95@163.com,7282796784,75,07
764,Marj,Klimentov,2,Design Engineer,Gevee,mklimentov96@mozilla.org,1158911867,91,54
493,Dill,Kincla,2,Staff Scientist,Zoombeat,dkincla97@hugedomains.com,6549646528,82,0
219,Kliment,Silvermann,1,Associate Professor,Skimia,ksilvermann98@timesonline.co.uk,1263527017,29,3129
478,Deane,Gretton,2,Assistant Manager,Jaxbean,dgretton99@economist.com,4194719819,20,75
718,Sharron,Moralee,2,Assistant Media Planner,Skidoo,smoralee9a@census.gov,7424168541,89,31813
383,Giff,Franks,2,Analog Circuit Design manager,Zooveo,gfranks9b@umn.edu,8105115683,55,914
857,Adrian,Blaskett,2,Computer Systems Analyst IV,Browsecat,ablaskett9c@army.mil,1037315835,31,51607
488,Karoly,Pomfrey,1,Data Coordiator,Realblab,kpomfrey9d@jimdo.com,3275634484,71,9617
843,Jewell,Ceaser,2,Systems Administrator IV,Devify,jceaser9e@arizona.edu,4692661230,73,5299
653,Beitris,Wilmore,2,Office Assistant II,Vinder,bwilmore9f@chron.com,2675120837,10,3
414,Sayer,Buxey,2,GIS Technical Architect,Tazz,sbuxey9g@elpais.com,3862163138,39,30
809,Kristo,Blackstock,1,Physical Therapy Assistant,Zoombox,kblackstock9h@multiply.com,7908943751,100,4301
950,Aguie,Ruspine,2,Information Systems Manager,Skidoo,aruspine9i@wikimedia.org,6844346091,66,4530
369,Barr,Beincken,2,Recruiting Manager,Eayo,bbeincken9j@clickbank.net,5072373262,84,016
981,Adelheid,Kinkade,1,Product Engineer,Realcube,akinkade9k@networksolutions.com,1136599424,76,726
143,Editha,Cheke,1,VP Marketing,Minyx,echeke9l@pagesperso-orange.fr,9577205903,39,713
264,Adiana,Luthwood,1,Geologist III,Edgewire,aluthwood9m@ifeng.com,2528772739,23,1
360,Hobey,Dametti,2,Project Manager,Blogtag,hdametti9n@globo.com,5712491243,94,08414
310,Hermina,Petticrow,2,Quality Control Specialist,Trilith,hpetticrow9o@icq.com,3902974535,71,4
186,Teddie,Khosa,1,Nurse,Eire,tkhosa9p@blogspot.com,5988675808,53,486
486,Alfie,Romain,2,Nurse Practicioner,Aivee,aromain9q@blog.com,9059902566,88,80
948,Filippo,Ping,1,Programmer Analyst III,Oyonder,fping9r@biglobe.ne.jp,3562034812,84,857
151,Towney,Kimbrey,2,Chief Design Engineer,Vinder,tkimbrey9s@blogger.com,2041805396,43,77616
919,Margaretta,Rallin,2,Analog Circuit Design manager,Oyondu,mrallin9t@drupal.org,1068187182,77,71562
202,Bearnard,Worton,2,Cost Accountant,Skinix,bworton9u@plala.or.jp,1165281584,100,94
922,Julienne,Rozzell,2,Recruiting Manager,Babbleopia,jrozzell9v@cafepress.com,6744339051,42,655
231,Maurizio,Bruun,2,Actuary,Blogtags,mbruun9w@shareasale.com,1199834747,46,42332
129,Trefor,Anetts,2,Help Desk Technician,Voonyx,tanetts9x@tmall.com,3651346636,78,2
316,Amalea,Penson,2,Programmer Analyst IV,Zava,apenson9y@joomla.org,2159356543,72,1
102,Maurine,Dingwall,2,Director of Sales,Skipfire,mdingwall9z@apache.org,9069105065,90,7957
232,Emma,Tewes,1,Assistant Media Planner,Quatz,etewesa0@un.org,6109524178,56,2
324,Cary,Berzins,1,General Manager,Yambee,cberzinsa1@jimdo.com,4813453156,72,24741
323,Fabien,Iczokvitz,1,Teacher,Mudo,ficzokvitza2@dot.gov,4143873856,88,192
711,Si,Gillitt,2,Senior Financial Analyst,Gabcube,sgillitta3@pbs.org,3697706986,57,15368
500,Linea,McCheyne,1,Business Systems Development Analyst,Meejo,lmccheynea4@nbcnews.com,4334089340,87,2
408,Boone,Blazejewski,1,Accountant II,Meemm,bblazejewskia5@pen.io,4826480709,70,5
849,Mead,Brion,1,Director of Sales,Oodoo,mbriona6@ask.com,2096660358,96,37
791,Thedric,Robertet,2,Geologist II,Trudoo,troberteta7@cocolog-nifty.com,2155392704,10,4
726,Thibaut,Sleet,2,Programmer Analyst I,Kazio,tsleeta8@cnn.com,1431973552,46,2337
957,Corty,Brownlow,1,Web Designer I,Divavu,cbrownlowa9@de.vu,2193857821,57,1833
569,Virge,Secretan,2,Safety Technician I,Thoughtstorm,vsecretanaa@fda.gov,9878517084,90,26812
564,Ezra,Torbeck,2,Engineer III,Jazzy,etorbeckab@unesco.org,1686926337,54,57
524,Tomlin,Larchier,2,Nuclear Power Engineer,Bubblebox,tlarchierac@macromedia.com,2112076438,57,27910
417,Katy,Hambrook,2,Pharmacist,Dabjam,khambrookad@tuttocitta.it,7967927797,15,7888
377,Cinderella,Choake,1,Graphic Designer,Thoughtstorm,cchoakeae@apple.com,9477813693,37,9983
836,Muriel,Dairton,2,Electrical Engineer,Feedbug,mdairtonaf@shutterfly.com,6321260668,40,71
464,Fawn,Pauleau,2,Design Engineer,Gevee,fpauleauag@i2i.jp,4412514386,99,574
316,Carce,Parsonage,1,Chief Design Engineer,Voomm,cparsonageah@bigcartel.com,6336599762,39,28832
143,Candide,Leving,2,Office Assistant III,Realbuzz,clevingai@histats.com,3538304821,18,83881
882,Denny,Lob,2,Internal Auditor,Thoughtstorm,dlobaj@mlb.com,2552747135,76,754
166,Magdalene,Velten,1,Analyst Programmer,Edgetag,mveltenak@posterous.com,4507428417,22,7760
349,Milzie,Showalter,1,Sales Associate,Babbleblab,mshowalteral@gmpg.org,8681741178,35,5
762,Matthieu,Arkill,2,Senior Editor,Realcube,markillam@de.vu,9816700392,55,63
926,Oona,Buncom,2,Environmental Specialist,Photojam,obuncoman@yelp.com,4739558883,34,8
767,Lilli,Lewsam,1,Assistant Professor,Yambee,llewsamao@deviantart.com,5002920135,13,129
613,Rhodia,Foyster,2,Research Nurse,Buzzster,rfoysterap@marriott.com,7311645466,65,65897
453,Caro,Geroldi,1,Help Desk Operator,Leenti,cgeroldiaq@shutterfly.com,4213261959,61,3
673,Oliy,Egginson,2,Quality Engineer,Edgepulse,oegginsonar@zdnet.com,4633883126,19,47
151,Pammi,Garland,1,Assistant Media Planner,Wikibox,pgarlandas@cbc.ca,4187934524,69,6258
206,Eileen,Ilden,2,Nuclear Power Engineer,Roodel,eildenat@soup.io,3085505039,15,0
837,Marcos,Kent,1,Paralegal,Bluezoom,mkentau@earthlink.net,4345979499,38,35840
288,Meggy,Tredger,1,VP Accounting,Fanoodle,mtredgerav@wordpress.com,1151445167,73,48082
989,Darby,Millership,2,Product Engineer,Yambee,dmillershipaw@simplemachines.org,4865637622,82,978
303,Brett,Yakobovitz,1,Database Administrator II,Yozio,byakobovitzax@liveinternet.ru,5199305747,20,16954
180,Odille,Fallens,2,Registered Nurse,Zazio,ofallensay@privacy.gov.au,8591760028,44,7
772,Fonzie,Broadhead,1,Project Manager,Oyoyo,fbroadheadaz@netscape.com,2418721697,74,3434
601,Hallsy,Roscow,1,Junior Executive,Thoughtstorm,hroscowb0@stumbleupon.com,6941496097,56,6
186,Dulcinea,Sebyer,1,Data Coordiator,Rhycero,dsebyerb1@wiley.com,5649243501,14,7039
961,Yasmin,Chestle,1,Database Administrator I,Quinu,ychestleb2@4shared.com,7169077418,68,7
830,Son,McNally,1,GIS Technical Architect,Quinu,smcnallyb3@cocolog-nifty.com,6817078837,32,0984
253,Abramo,Matuszyk,2,Administrative Assistant III,LiveZ,amatuszykb4@theatlantic.com,2122991858,41,9
477,Rahal,Clements,2,Account Coordinator,Meevee,rclementsb5@storify.com,4643080508,75,7
509,Karlen,Forcade,1,Pharmacist,Jabbersphere,kforcadeb6@china.com.cn,5304738548,61,414
369,Tildie,Brokenshaw,1,Senior Editor,Tagtune,tbrokenshawb7@wordpress.org,2808196213,48,43423
996,Shantee,Stuckes,2,Compensation Analyst,Mycat,sstuckesb8@sbwire.com,4924455151,53,3574
681,Pattie,Dallimare,2,Editor,Mita,pdallimareb9@scribd.com,9906074112,13,3
918,Colleen,Thwaite,1,Statistician I,Voolia,cthwaiteba@linkedin.com,4806012397,50,31
477,Engelbert,McKibbin,2,Director of Sales,Vinte,emckibbinbb@live.com,2992055900,65,26888
188,Lionel,Wandrey,2,Executive Secretary,Vinte,lwandreybc@bloglines.com,2921087793,19,3
376,Mick,Rastrick,1,VP Quality Control,Browsebug,mrastrickbd@go.com,5343143415,63,4374
741,Kakalina,Capell,2,Junior Executive,Bluezoom,kcapellbe@delicious.com,6675393357,68,71
646,Andrei,Itzakson,1,Analog Circuit Design manager,Brainlounge,aitzaksonbf@imageshack.us,3471084511,41,220
999,Darby,Foss,1,Graphic Designer,Demizz,dfossbg@nps.gov,3581709256,77,98
987,Ag,Steggles,1,Research Nurse,Skivee,astegglesbh@ezinearticles.com,7051990852,66,104
363,Reinwald,Ludwell,2,Help Desk Operator,Aivee,rludwellbi@wikimedia.org,1965438880,80,4129
658,Lynnet,Lewens,2,Web Developer II,Yodo,llewensbj@nyu.edu,2391904186,52,5074
226,Christin,Dellenbroker,2,Engineer II,Brainlounge,cdellenbrokerbk@patch.com,9474913383,51,59
766,Hilton,Antczak,1,Computer Systems Analyst II,Katz,hantczakbl@edublogs.org,8494518207,50,44
805,Carey,Goly,1,Senior Financial Analyst,Vitz,cgolybm@livejournal.com,1822001616,15,63
994,Megan,Blaydes,2,Senior Quality Engineer,Trunyx,mblaydesbn@microsoft.com,4924120950,49,42
197,Weber,Wield,1,Environmental Tech,Skalith,wwieldbo@bing.com,1859767124,10,0
320,Minta,Van Cassel,2,Software Engineer I,Tekfly,mvancasselbp@cbslocal.com,2401175478,77,4
470,Kala,Clail,1,Senior Editor,Browsebug,kclailbq@economist.com,6452296598,49,320
802,Chad,Surgen,1,Paralegal,Linktype,csurgenbr@theatlantic.com,6121267078,38,88300
979,Stormi,Twigge,2,VP Marketing,Tambee,stwiggebs@hibu.com,7239238635,66,35732
205,Rosella,Rossborough,1,Software Engineer I,Avaveo,rrossboroughbt@usa.gov,4286233649,96,00609
271,Cary,Buckleigh,2,Nurse,Kaymbo,cbuckleighbu@amazon.co.jp,1748843195,71,88
881,Eloise,Matt,1,Junior Executive,Youbridge,emattbv@123-reg.co.uk,9629931057,30,921
174,Theo,Beddon,1,Assistant Media Planner,Babblestorm,tbeddonbw@histats.com,5224332393,59,3013
941,Marcelo,Walczak,1,Design Engineer,Quimba,mwalczakbx@salon.com,7181111002,31,0139
494,Merrill,Rozanski,1,Design Engineer,Zoomdog,mrozanskiby@discovery.com,6417272081,19,37566
211,Claudelle,Rubin,1,Health Coach II,Livetube,crubinbz@plala.or.jp,9159684869,46,2962
249,Joela,Iceton,2,Internal Auditor,Dabshots,jicetonc0@forbes.com,4293445101,48,95419
202,Ferne,Eldershaw,1,Sales Associate,LiveZ,feldershawc1@springer.com,7753228197,52,0331
610,Gibbie,Arguile,1,Marketing Manager,Devbug,garguilec2@abc.net.au,9463461395,65,06557
735,Chere,Forster,1,Chief Design Engineer,Tagfeed,cforsterc3@vkontakte.ru,6861214995,10,348
996,Maud,Borsay,2,Structural Analysis Engineer,Fliptune,mborsayc4@sciencedaily.com,1644411094,30,136
515,Hamil,Paulino,1,Desktop Support Technician,Trilia,hpaulinoc5@a8.net,5388751047,83,56
400,Basile,Billitteri,1,Teacher,Buzzbean,bbillitteric6@patch.com,1579471868,56,90
207,Nell,Malam,1,Office Assistant III,Centimia,nmalamc7@flavors.me,6138319627,13,8
829,Ebenezer,Meads,1,Structural Analysis Engineer,Dablist,emeadsc8@prlog.org,3075829138,69,74809
123,Jennie,Trowler,2,Staff Scientist,Quamba,jtrowlerc9@nsw.gov.au,9341369742,34,46098
940,Julian,Blaisdale,1,Administrative Officer,Tagfeed,jblaisdaleca@pbs.org,1235564300,17,1118
867,Nicol,Covill,2,Junior Executive,Kazu,ncovillcb@hhs.gov,1651373328,15,7166
434,Yulma,Clemmow,2,Senior Editor,Devpoint,yclemmowcc@techcrunch.com,8025221719,33,9624
455,Correna,Rittmeier,2,Account Representative III,Voomm,crittmeiercd@businessinsider.com,4654081198,23,79288
145,Agna,Pittson,1,VP Accounting,Yakidoo,apittsonce@paginegialle.it,9354277916,36,098
485,Klara,Loder,1,Administrative Assistant III,Centimia,klodercf@over-blog.com,8267197459,52,75858
579,Martainn,Oyley,1,Administrative Officer,Camimbo,moyleycg@angelfire.com,1508208826,32,0621
562,Hermina,Tourry,2,Food Chemist,Tagfeed,htourrych@epa.gov,5462469616,97,91
747,Chaddie,Arnatt,1,Nurse Practicioner,Jaxspan,carnattci@home.pl,3291117503,72,13
815,Drake,Leyburn,2,Speech Pathologist,Realpoint,dleyburncj@gov.uk,5675927118,59,3
572,Ardith,Atwill,2,Biostatistician II,Twitterbridge,aatwillck@fastcompany.com,1982624112,25,51250
422,Clemence,Duthie,2,Research Nurse,Cogibox,cduthiecl@home.pl,7265176526,79,5895
579,Ulrich,Mulcahy,1,Health Coach II,Gabspot,umulcahycm@ezinearticles.com,3153489241,68,657
203,Herve,Gorman,1,Senior Sales Associate,Skilith,hgormancn@skyrock.com,1176708346,90,23427
902,Egan,Stanbridge,1,Systems Administrator III,Realbuzz,estanbridgeco@altervista.org,1838174406,76,396
275,Lynne,Ferns,1,Quality Engineer,Jabbersphere,lfernscp@prnewswire.com,3673988216,98,63
148,Marcelo,Ribchester,1,VP Marketing,Flashdog,mribchestercq@people.com.cn,2315575973,13,3
360,Jody,Dorricott,1,Internal Auditor,Shuffledrive,jdorricottcr@about.com,9311480028,49,43
199,Horatio,Ert,1,Compensation Analyst,Jetpulse,hertcs@slideshare.net,6897782210,18,36
537,Tamara,Crotty,1,Financial Advisor,Zazio,tcrottyct@seattletimes.com,8986890567,80,58265
667,Oralie,Brecknell,2,Paralegal,Katz,obrecknellcu@newsvine.com,1606649,90,379
419,Mildrid,Whayman,2,VP Product Management,Tagfeed,mwhaymancv@scribd.com,9708739784,21,36
253,Pierson,Broadwell,1,Automation Specialist IV,Topicware,pbroadwellcw@hubpages.com,1601066201,48,80
637,Brewster,Sallter,2,Social Worker,Avaveo,bsalltercx@usgs.gov,7408166251,21,6
968,Helenelizabeth,Reedick,2,Sales Representative,Riffpath,hreedickcy@vistaprint.com,1964369723,47,18193
914,Terra,Kiljan,2,Tax Accountant,Rhynyx,tkiljancz@usnews.com,1357496866,27,452
646,Cary,Cheater,2,Help Desk Operator,Browsedrive,ccheaterd0@e-recht24.de,2567537763,71,56085
451,Clemmy,Nanni,1,Biostatistician I,Muxo,cnannid1@t-online.de,2602247361,60,60636
853,Ashien,Abberley,1,Nurse Practicioner,Jabbercube,aabberleyd2@digg.com,9749468370,67,7048
976,Talbot,Erasmus,1,Librarian,Voomm,terasmusd3@e-recht24.de,4806598468,39,2
273,Lyon,Pharrow,2,Nurse,Skipstorm,lpharrowd4@uol.com.br,8361281664,34,66411
520,Erica,Polsin,2,Design Engineer,Zoozzy,epolsind5@thetimes.co.uk,4187954156,41,22
718,Devonna,Ivons,1,VP Sales,DabZ,divonsd6@ezinearticles.com,5978010461,84,05
532,Beale,Gorelli,1,Systems Administrator I,Thoughtstorm,bgorellid7@unblog.fr,7768399762,86,79
110,Vittoria,Flintuff,1,Physical Therapy Assistant,Quaxo,vflintuffd8@nationalgeographic.com,5084474088,15,84651
695,Adolph,Gear,2,Statistician III,Dynava,ageard9@tumblr.com,4979141888,11,49188
379,Bell,Bensusan,1,Media Manager IV,Browsetype,bbensusanda@geocities.jp,9972385654,34,135
893,Cherice,Willatt,2,Environmental Tech,Geba,cwillattdb@constantcontact.com,7669013929,71,0
230,Lian,Tuckley,2,Information Systems Manager,Eayo,ltuckleydc@nyu.edu,8621842350,65,4
946,Auria,Oven,1,Programmer I,Aimbu,aovendd@marketwatch.com,6465059678,35,30
512,Sig,Schoffler,1,Technical Writer,Brightbean,sschofflerde@china.com.cn,5422282356,34,5673
873,Cathee,Maps,1,Recruiting Manager,Livepath,cmapsdf@indiatimes.com,5445199180,94,19295
262,Christy,Syphus,2,Marketing Assistant,Camimbo,csyphusdg@themeforest.net,9014539971,31,1
507,Michaelina,Daws,1,VP Marketing,Lazz,mdawsdh@webmd.com,8943720064,60,6
620,Sheelagh,Marsy,1,Accountant I,Twimm,smarsydi@hibu.com,9245349292,35,1248
599,Carol-jean,Cusick,1,Staff Scientist,Twitterlist,ccusickdj@wired.com,4597324891,98,77
897,Didi,Rosina,2,General Manager,Babbleblab,drosinadk@msn.com,5178881520,59,24
884,Saul,Garwill,1,Marketing Manager,Kare,sgarwilldl@yelp.com,5442492690,48,68307
651,Cointon,Wiltshire,2,Compensation Analyst,Chatterpoint,cwiltshiredm@umich.edu,9617726258,19,6169
913,Susannah,Bonder,1,Nurse,Meeveo,sbonderdn@wunderground.com,6553220097,43,49885
428,Clotilda,Burdas,2,Paralegal,Yodel,cburdasdo@sohu.com,4067573457,46,90
720,Evie,Lyndon,1,General Manager,Voonte,elyndondp@guardian.co.uk,8191626485,27,94519
134,Laurianne,Ayree,2,Environmental Tech,Flashspan,layreedq@virginia.edu,4597930796,12,94
761,Emmeline,Pagett,2,Director of Sales,Rhyloo,epagettdr@amazon.de,7096041503,40,2618
362,Delaney,Truelove,1,Desktop Support Technician,Twinder,dtrueloveds@domainmarket.com,1076554524,86,89050
899,Licha,Scammonden,1,VP Accounting,Yakijo,lscammondendt@wordpress.org,8259694983,21,4352
853,Rozanna,Bladen,1,Administrative Officer,Flashdog,rbladendu@chronoengine.com,3135715906,64,7707
374,Pansy,Arnald,2,Developer IV,Dabvine,parnalddv@nytimes.com,9643172806,15,34249
515,Honor,Noden,2,Structural Engineer,Twitterbeat,hnodendw@tripadvisor.com,6112383206,100,98
776,Lalo,Lanceley,2,Nurse Practicioner,Talane,llanceleydx@ezinearticles.com,8656366477,88,178
459,Moe,Relf,2,Civil Engineer,Skyvu,mrelfdy@blogger.com,2905566135,60,40
573,Bernardina,Mobley,1,Research Nurse,Twitterbridge,bmobleydz@europa.eu,8314287075,25,36669
403,Bliss,Tenaunt,2,Chief Design Engineer,Skipfire,btenaunte0@japanpost.jp,9737221668,50,7431
315,Vernor,Camili,1,Account Coordinator,Nlounge,vcamilie1@netscape.com,3361430490,82,0405
686,Sarah,Cohrs,1,Chief Design Engineer,Aibox,scohrse2@nationalgeographic.com,2164720030,64,3
632,Teodorico,Stut,2,Director of Sales,Twimm,tstute3@goo.gl,9599519045,57,950
882,Bucky,Bleaden,2,Librarian,Katz,bbleadene4@tmall.com,2377025355,50,356
195,Robert,Blackborn,1,Marketing Manager,Dazzlesphere,rblackborne5@facebook.com,9143419447,16,9450
111,Nedda,Alben,1,Safety Technician IV,Skimia,nalbene6@meetup.com,8806108661,57,95
537,Norbert,Feeham,2,Marketing Assistant,Zoozzy,nfeehame7@businessinsider.com,1828385049,72,9227
696,Devlin,MacDermid,1,Paralegal,Youtags,dmacdermide8@latimes.com,5807539929,73,8
170,Thelma,Marle,2,Financial Analyst,Dabtype,tmarlee9@desdev.cn,1999243615,25,02
545,Kimberlee,Paunton,1,VP Sales,Rhyloo,kpauntonea@spotify.com,1345049192,91,821
349,Caralie,Kilfeder,1,Structural Engineer,Skipstorm,ckilfedereb@sina.com.cn,4569121572,17,0596
951,Kirby,Ferrie,1,Recruiting Manager,Meembee,kferrieec@webnode.com,9511488714,87,6
536,Cart,Swalteridge,1,Senior Financial Analyst,Roombo,cswalteridgeed@msn.com,8439891668,27,6
230,Becky,Lasty,2,Internal Auditor,Geba,blastyee@google.ru,7082305798,59,0155
401,Paxton,Abelovitz,2,Research Associate,Kazu,pabelovitzef@aboutads.info,3015107182,83,50
919,Bronson,Fantham,1,Geologist I,Kwideo,bfanthameg@google.it,1199974057,49,9
538,Marlene,Wale,1,Senior Sales Associate,Thoughtstorm,mwaleeh@rediff.com,5304516688,12,85183
593,Giustina,Donaho,1,Tax Accountant,Chatterbridge,gdonahoei@pen.io,2141077117,55,63
943,Brendon,O'Rourke,1,Graphic Designer,Snaptags,borourkeej@topsy.com,6865865962,90,0
404,Valerye,Woolerton,2,VP Quality Control,Jabbersphere,vwoolertonek@biglobe.ne.jp,8276741208,48,820
247,Kenon,Nucciotti,1,Tax Accountant,Oodoo,knucciottiel@wisc.edu,6407562008,64,6
487,Michaella,Jeanet,2,Staff Accountant I,Browsezoom,mjeanetem@timesonline.co.uk,4991256765,86,59
849,Tuckie,Bisley,1,Desktop Support Technician,Topiclounge,tbisleyen@china.com.cn,7579240460,91,7
910,Eyde,Dunthorne,2,Editor,Thoughtstorm,edunthorneeo@opera.com,6783554013,22,0
559,Huberto,Derrington,1,Web Developer I,Skimia,hderringtonep@omniture.com,7413151788,45,7
170,Faulkner,Neilus,1,Marketing Assistant,Wikizz,fneiluseq@patch.com,4362865353,62,09
925,Elsi,MacKinnon,1,Account Representative II,Zava,emackinnoner@zimbio.com,6946128318,43,57
950,Leora,Mattsson,1,Database Administrator IV,Meevee,lmattssones@ow.ly,2491763254,50,4795
163,Quentin,Brose,1,Actuary,Flipopia,qbroseet@vkontakte.ru,1201045946,47,147
255,Dareen,Brian,1,Cost Accountant,Skinte,dbrianeu@desdev.cn,6238141275,92,18259
613,Kathye,Bockman,1,Administrative Officer,Photobean,kbockmanev@unblog.fr,2845960708,92,23
473,Johanna,Bandey,1,Operator,Oyope,jbandeyew@ucsd.edu,2469047088,10,3014
434,Alard,Siehard,1,Internal Auditor,Tekfly,asiehardex@upenn.edu,8636972287,97,514
459,Liliane,Westover,1,Staff Accountant IV,Zoomlounge,lwestoverey@reddit.com,8183709134,17,2
134,Ralf,Pettipher,1,Marketing Manager,Thoughtmix,rpettipherez@bloglines.com,1882365018,68,45
486,Sallyanne,Tollow,2,Programmer Analyst II,Geba,stollowf0@scientificamerican.com,1441201656,60,48
428,Sidonia,Tremayle,1,Research Assistant II,Youspan,stremaylef1@chron.com,5211125641,76,061
747,Perla,Doswell,2,VP Quality Control,Dazzlesphere,pdoswellf2@toplist.cz,4608139068,80,15
559,Horacio,Moen,1,GIS Technical Architect,Bubblebox,hmoenf3@twitter.com,4753362026,33,20665
457,Edithe,Woolard,1,Legal Assistant,Dablist,ewoolardf4@techcrunch.com,8099717748,92,17830
132,Allistir,Ranson,1,Social Worker,Jayo,aransonf5@yahoo.com,2017123594,91,47810
786,Zorine,Killik,2,Statistician IV,Topicstorm,zkillikf6@prweb.com,8214517407,40,8
199,Cosmo,Reast,1,Recruiter,Oyonder,creastf7@google.com,5489219754,93,1530
762,Eli,Stout,1,Nuclear Power Engineer,Oyoba,estoutf8@tamu.edu,5529263711,52,34769
323,Giff,Canniffe,2,Executive Secretary,Jetwire,gcanniffef9@rakuten.co.jp,2683306973,32,1
517,Eva,Yardy,1,Librarian,Viva,eyardyfa@domainmarket.com,5233319939,10,256
961,Reade,Hissie,1,Senior Developer,Shufflester,rhissiefb@free.fr,2981271485,73,2441
314,Annadiane,Keele,1,Technical Writer,Mymm,akeelefc@discuz.net,6712579092,32,91893
811,Betti,Pinson,2,Design Engineer,Topicstorm,bpinsonfd@technorati.com,2516145835,48,9560
270,Karylin,Riden,2,Sales Associate,Tagchat,kridenfe@bbb.org,2997274093,12,987
311,Hamil,Gormley,1,Research Nurse,Yakitri,hgormleyff@barnesandnoble.com,6761902947,67,1337
592,Gun,Webb,2,Social Worker,Skaboo,gwebbfg@ocn.ne.jp,8843386560,30,438
770,Evvy,Metrick,2,VP Product Management,Browsetype,emetrickfh@qq.com,5937721659,81,709
527,Gussi,Elwood,2,Operator,Trudeo,gelwoodfi@webeden.co.uk,6506811246,21,9
990,Marthena,Nunson,1,Human Resources Assistant IV,Rhyzio,mnunsonfj@dion.ne.jp,9923948367,22,3519
623,Keane,Mayow,2,Social Worker,Topicstorm,kmayowfk@youku.com,5276131842,64,1
447,Mirella,Drewell,1,Business Systems Development Analyst,Rhyzio,mdrewellfl@yellowpages.com,2062291080,71,220
637,Vinnie,Stivens,2,Environmental Specialist,Digitube,vstivensfm@multiply.com,3449862296,84,11005
261,Mathe,Dirr,2,Help Desk Operator,Riffwire,mdirrfn@yahoo.com,2341139300,71,47455
243,Broddie,Eilhart,2,Electrical Engineer,Yata,beilhartfo@fda.gov,3951640866,93,2826
384,Shandra,Southerill,2,General Manager,Yamia,ssoutherillfp@intel.com,2755649313,61,67011
690,Wenda,Park,1,General Manager,Buzzbean,wparkfq@businessweek.com,9743769735,53,154
548,Biddy,Lartice,1,Recruiting Manager,Pixope,blarticefr@salon.com,1049542427,81,56
202,Kennett,Toleman,1,Chief Design Engineer,Edgeblab,ktolemanfs@addtoany.com,7044414088,22,49
486,Rad,Nicklinson,1,Senior Developer,Topicware,rnicklinsonft@arstechnica.com,2963053596,42,2354
151,Carroll,Meaden,2,GIS Technical Architect,Photospace,cmeadenfu@liveinternet.ru,5074393315,65,9
612,Ida,Ramsbotham,2,Budget/Accounting Analyst III,Gigashots,iramsbothamfv@squidoo.com,2708218257,64,58
501,Bettina,Louys,2,Senior Developer,Aivee,blouysfw@ihg.com,9088357815,54,7
920,Nada,Crosskell,1,Information Systems Manager,Gabvine,ncrosskellfx@abc.net.au,2817735010,43,1
180,Tracie,Thurstance,1,Desktop Support Technician,Skiptube,tthurstancefy@omniture.com,7604151766,68,09892
600,Glennis,Caltun,1,Engineer IV,Edgeclub,gcaltunfz@pen.io,1939600753,70,891
948,Amitie,Roache,1,Senior Sales Associate,Quinu,aroacheg0@ovh.net,8129133532,77,00082
165,Julee,Quarrie,1,Associate Professor,Meevee,jquarrieg1@bluehost.com,6723560054,62,63
755,Brodie,Powelee,2,Physical Therapy Assistant,Quimm,bpoweleeg2@eventbrite.com,6003047632,86,3310
231,Tarah,Bader,2,Payment Adjustment Coordinator,Skilith,tbaderg3@blogs.com,2658200643,14,7960
159,Callie,Kippen,2,Editor,Cogilith,ckippeng4@prlog.org,5165368108,68,17215
776,Isiahi,Schulze,1,Senior Editor,Devpoint,ischulzeg5@hao123.com,2437301967,84,159
936,Tedra,Durrand,1,Technical Writer,Oyonder,tdurrandg6@disqus.com,1136833648,38,6
358,Matthieu,Riding,1,Assistant Manager,Dabshots,mridingg7@buzzfeed.com,2838089455,58,98629
475,Genevieve,Ralls,2,Registered Nurse,Devpoint,grallsg8@goo.gl,7774463708,14,05
559,Genvieve,Sprake,1,Food Chemist,Pixope,gsprakeg9@macromedia.com,6693722392,83,2312
489,Cash,Atwool,2,VP Marketing,Kimia,catwoolga@youku.com,4778212726,49,5201
140,Abagail,Lamplough,1,Operator,Camido,alamploughgb@godaddy.com,1262334630,74,64464
983,Jeremie,Sheekey,1,Sales Associate,Skidoo,jsheekeygc@github.io,1103483770,55,1
461,Marthe,Ramsbottom,2,Staff Accountant IV,Roomm,mramsbottomgd@aboutads.info,8261826859,83,32975
188,Elana,Matveiko,1,Assistant Manager,Zava,ematveikoge@discovery.com,9989167252,22,440
315,Crissie,Lomaz,2,Engineer I,Oyoba,clomazgf@last.fm,5451202019,65,54
638,Chryste,Dericot,2,Clinical Specialist,Wordify,cdericotgg@tumblr.com,3517295574,89,65357
819,Jerri,Fewster,2,Social Worker,Shufflebeat,jfewstergh@cdbaby.com,5156334124,94,2
341,Elena,Disbrow,1,Food Chemist,Fatz,edisbrowgi@microsoft.com,5574579742,19,4
855,Darcy,Ronan,2,Computer Systems Analyst IV,Photojam,dronangj@vk.com,3415465378,97,799
870,Osbourn,Chamberlayne,1,Environmental Tech,Topiczoom,ochamberlaynegk@skyrock.com,8258111139,56,2755
941,Yolanda,Dublin,2,Software Consultant,Photofeed,ydublingl@ucla.edu,2994911395,81,5
620,Dickie,Berthelmot,1,Budget/Accounting Analyst IV,Yambee,dberthelmotgm@parallels.com,8825105449,73,66
383,Gibb,Riglar,2,Business Systems Development Analyst,Meejo,griglargn@myspace.com,9359671921,42,9
294,Shurlock,Ecles,2,Software Consultant,Demimbu,seclesgo@prlog.org,3523149157,41,7123
774,Mavis,Caldera,1,Nuclear Power Engineer,Yata,mcalderagp@dailymail.co.uk,7954660507,66,0513
375,Kris,Bloomfield,1,Electrical Engineer,Bubblemix,kbloomfieldgq@dyndns.org,3002210674,28,1
775,Tallou,Rosander,1,Sales Associate,Dynava,trosandergr@weibo.com,3399493929,16,745
546,Baldwin,Bradtke,2,Project Manager,Quire,bbradtkegs@sciencedaily.com,5539553780,48,4
160,Janaye,Wones,2,Chemical Engineer,Twinte,jwonesgt@admin.ch,6994083243,55,41057
325,Sibyl,Sifflett,2,Senior Cost Accountant,Blogpad,ssifflettgu@telegraph.co.uk,1165931751,46,2243
213,Adel,Finkle,2,Analyst Programmer,Mymm,afinklegv@timesonline.co.uk,3979850141,47,49
566,Bee,Chaimson,2,Systems Administrator I,Meemm,bchaimsongw@github.com,3032860588,39,912
668,Casper,Gilpin,2,Information Systems Manager,Realbuzz,cgilpingx@yale.edu,5164430439,38,0
363,Atlante,Ivanilov,2,Nurse Practicioner,Layo,aivanilovgy@mlb.com,4829838799,87,89
561,Sumner,Humpatch,2,Web Developer I,Pixoboo,shumpatchgz@ameblo.jp,2823615230,54,217
353,Marcelline,Skermer,2,Human Resources Manager,Realbridge,mskermerh0@un.org,1758447873,92,88
493,Karia,Duncan,1,Project Manager,Fatz,kduncanh1@purevolume.com,2586796239,25,28
405,Melantha,Beamand,2,Structural Analysis Engineer,Yodoo,mbeamandh2@sciencedirect.com,7571830581,83,62296
843,Danyette,Steptow,1,GIS Technical Architect,Cogibox,dsteptowh3@creativecommons.org,1256471209,49,3171
784,Janifer,Dumper,1,Senior Editor,Rooxo,jdumperh4@mit.edu,4029446860,97,2643
588,Peri,Abyss,1,VP Quality Control,Trunyx,pabyssh5@etsy.com,4622056487,51,1049
881,Anthia,Thorington,2,Engineer IV,Leenti,athoringtonh6@1688.com,7029496952,92,99242
360,Irwin,Stoffer,2,Mechanical Systems Engineer,Flashspan,istofferh7@umn.edu,5036264279,83,822
327,Darsie,Spencock,1,Associate Professor,Mynte,dspencockh8@oakley.com,2274084516,63,97
971,Gena,Hupe,1,Help Desk Operator,Babbleset,ghupeh9@timesonline.co.uk,4673333986,59,0
325,Torrin,Cluely,2,Librarian,Miboo,tcluelyha@moonfruit.com,6574983455,92,6
283,Brooke,Dietzler,1,Cost Accountant,Aivee,bdietzlerhb@google.nl,4655849720,56,46
758,Tami,Agronski,2,Account Executive,Oyope,tagronskihc@icio.us,9617313895,75,6
578,Tallulah,O'Flannery,2,Administrative Officer,Dynabox,toflanneryhd@topsy.com,8538830516,23,1
311,Michel,Malyon,1,Web Developer IV,Browsecat,mmalyonhe@creativecommons.org,8356033212,27,1
495,Kirbee,Filasov,1,Sales Representative,Mydeo,kfilasovhf@wisc.edu,5385849029,38,6
636,Fayette,Readwing,2,Analog Circuit Design manager,Wordpedia,freadwinghg@weebly.com,9997235290,70,718
705,Kaiser,Wolstencroft,1,Food Chemist,Browseblab,kwolstencrofthh@go.com,1177401248,45,45
511,Tiebold,Couch,1,Administrative Assistant II,InnoZ,tcouchhi@free.fr,8955189562,38,967
107,Carly,Van Oort,1,Recruiter,Meeveo,cvanoorthj@networkadvertising.org,8483960382,49,8
139,Heindrick,Hayball,1,Accountant IV,Yakitri,hhayballhk@earthlink.net,2207941535,34,574
684,Christina,Ell,2,Office Assistant III,Thoughtworks,cellhl@ft.com,4512473740,96,538
821,Malena,Hennemann,2,VP Product Management,Muxo,mhennemannhm@mtv.com,6407364702,50,1949
315,Roby,Speakman,2,Civil Engineer,Oyondu,rspeakmanhn@odnoklassniki.ru,6653209238,22,655
817,Corabelle,Brok,2,Automation Specialist I,Browsecat,cbrokho@goodreads.com,2735488530,79,17843
203,Riley,Titterton,2,Chemical Engineer,Zoomdog,rtittertonhp@tiny.cc,9522040998,92,4417
846,Maude,Darben,1,Sales Associate,Jazzy,mdarbenhq@google.co.uk,6236927322,45,69202
698,Emilia,Fobidge,2,Food Chemist,Zoombox,efobidgehr@de.vu,1171188225,94,4608
670,Jesse,Gulland,2,Mechanical Systems Engineer,Thoughtstorm,jgullandhs@meetup.com,4498547714,20,142
684,Barbie,Ingall,2,Design Engineer,Lazzy,bingallht@aol.com,9885298747,89,85721
698,Ebony,Henkmann,2,Internal Auditor,Agimba,ehenkmannhu@deviantart.com,2785866569,38,08338
481,Berni,Duigan,2,Systems Administrator I,Gigabox,bduiganhv@csmonitor.com,7112952165,16,849
618,Sharity,Sanbrook,2,Senior Quality Engineer,Tanoodle,ssanbrookhw@trellian.com,1616342948,26,86
433,Andie,Blachford,2,Research Nurse,Eimbee,ablachfordhx@jimdo.com,1886991441,47,1578
996,Darcy,Bownass,1,Information Systems Manager,Zava,dbownasshy@sbwire.com,3475661463,55,9671
632,Loydie,Bastock,2,Marketing Assistant,Ntags,lbastockhz@unesco.org,8129636632,76,6
139,Malory,Hearmon,1,Data Coordiator,Reallinks,mhearmoni0@barnesandnoble.com,6824470737,83,4
691,Liana,Hemphrey,1,GIS Technical Architect,Kamba,lhemphreyi1@yellowbook.com,1345940563,82,9644
637,Kale,Nossent,1,Analyst Programmer,Linkbuzz,knossenti2@youtu.be,1346290972,65,22526
245,Eduardo,Scroggie,2,Electrical Engineer,Agivu,escroggiei3@telegraph.co.uk,8182519009,94,34
785,Goldy,Sedgwick,2,Nurse Practicioner,Gabtune,gsedgwicki4@360.cn,9991569457,77,02
160,Stillman,Bart,1,VP Accounting,Eabox,sbarti5@va.gov,1945756443,41,76964
578,Georgy,Lacknor,2,Accountant III,Viva,glacknori6@army.mil,4866051062,97,89385
970,Radcliffe,Smedley,1,Research Nurse,Vipe,rsmedleyi7@nytimes.com,6844924515,42,57753
917,Shani,Whyte,1,Teacher,Oyope,swhytei8@techcrunch.com,1059736504,94,401
312,Nikolai,Dewsbury,1,Compensation Analyst,Kazio,ndewsburyi9@omniture.com,1554585744,57,6989
126,Alta,Thaim,2,Recruiting Manager,Layo,athaimia@ustream.tv,2472089674,91,29698
991,Gav,Kepp,1,GIS Technical Architect,Eamia,gkeppib@thetimes.co.uk,5588169475,78,1
663,Caldwell,Morgan,1,Food Chemist,Thoughtstorm,cmorganic@t.co,5814155601,24,63425
667,Merrill,January,1,Dental Hygienist,Jetwire,mjanuaryid@skyrock.com,6893922778,68,565
484,Denny,Grono,2,Engineer II,Devbug,dgronoie@netvibes.com,4217148830,76,4885
812,Jenifer,Towersey,1,Senior Sales Associate,Jaxnation,jtowerseyif@flavors.me,5502832553,90,3
326,Ertha,Egle of Germany,2,Design Engineer,Midel,eegleofgermanyig@google.com,9226657430,42,7
276,Quintilla,De Fraine,2,General Manager,Jaxworks,qdefraineih@whitehouse.gov,9165729017,19,68395
589,Giordano,Paschke,1,Developer III,Eamia,gpaschkeii@topsy.com,6743524109,17,971
697,Chrissie,Keitley,2,Computer Systems Analyst IV,Wikido,ckeitleyij@homestead.com,8212733765,87,8
615,Anna-diana,Tubby,1,Registered Nurse,Fliptune,atubbyik@delicious.com,7358558884,52,94184
701,Nari,Calam,1,Help Desk Operator,Jaloo,ncalamil@usnews.com,8545931343,62,960
786,Quentin,Warrell,1,Chief Design Engineer,Jetpulse,qwarrellim@hatena.ne.jp,4596133352,57,985
442,Melanie,Scade,2,Assistant Professor,Oyope,mscadein@indiatimes.com,2661608632,86,6
514,Dudley,Gilbank,2,Quality Engineer,Gevee,dgilbankio@statcounter.com,5758821254,33,7
310,Phoebe,Glewe,2,Statistician I,Quatz,pgleweip@chron.com,8965777269,68,44
836,Coralie,Dahler,1,Sales Representative,Youspan,cdahleriq@flavors.me,3938978620,63,10185
594,Ev,Jessope,2,Compensation Analyst,Photospace,ejessopeir@live.com,9009780923,38,55
350,Raviv,Brinkman,2,Social Worker,Thoughtstorm,rbrinkmanis@meetup.com,3534291869,79,64
365,Roselle,Macconaghy,1,Nuclear Power Engineer,Twimm,rmacconaghyit@irs.gov,2858643913,92,97418
613,Billy,Leadstone,1,Clinical Specialist,Feednation,bleadstoneiu@bravesites.com,1599823654,92,0
539,Aurelie,Powland,1,GIS Technical Architect,Edgeclub,apowlandiv@instagram.com,2031695473,32,55766
791,Allyce,Pietzker,2,Accountant I,Dabvine,apietzkeriw@dropbox.com,3399301846,43,2
450,Hernando,Clarridge,1,VP Product Management,Meeveo,hclarridgeix@infoseek.co.jp,5207273972,89,1930
277,Loreen,Simanek,2,Data Coordiator,Jaxworks,lsimanekiy@cornell.edu,2988287464,79,268
979,Lexine,Tanguy,2,Financial Analyst,Thoughtstorm,ltanguyiz@slideshare.net,1625194256,91,223
443,Alexia,Shea,1,VP Accounting,Bluezoom,asheaj0@yandex.ru,2461070518,44,2965
588,Inigo,Chaves,1,Environmental Specialist,Meemm,ichavesj1@istockphoto.com,5079096681,48,1
165,Hunt,Herculson,2,Software Test Engineer II,Blogtag,hherculsonj2@bbb.org,2896648029,43,5
281,Celinda,McNerlin,1,Professor,Viva,cmcnerlinj3@discovery.com,6934802383,64,7469
719,Zena,MacFaell,1,Internal Auditor,Centizu,zmacfaellj4@wix.com,6907135451,32,29221
741,Merola,Brabben,1,Help Desk Technician,Flashdog,mbrabbenj5@tamu.edu,7666202593,34,7
794,Estel,Worster,2,Account Coordinator,Meevee,eworsterj6@google.co.uk,9953767840,11,6527
986,Sam,Lougheid,1,Occupational Therapist,Jatri,slougheidj7@irs.gov,9805480081,28,30
986,Fayina,Petrescu,1,Statistician IV,Snaptags,fpetrescuj8@adobe.com,2799629196,13,724
846,Neal,Bunny,1,Accountant III,Cogilith,nbunnyj9@shareasale.com,6585673904,19,200
535,Clair,Pybus,2,Social Worker,Meezzy,cpybusja@lycos.com,3109235494,81,27677
269,Sonni,Gabriely,1,Accounting Assistant IV,Lazz,sgabrielyjb@theglobeandmail.com,2905441414,82,38
545,Shanta,McIlmorow,2,Systems Administrator III,Skidoo,smcilmorowjc@japanpost.jp,3109490654,95,215
160,Barbe,Seyler,1,Geologist III,Rooxo,bseylerjd@fda.gov,8935378705,41,939
768,Daisey,Latan,1,Operator,Twiyo,dlatanje@goodreads.com,6415039719,48,9
329,Edmund,Edwinson,2,Cost Accountant,BlogXS,eedwinsonjf@diigo.com,3132909171,88,503
919,Clara,Loughran,2,Nurse Practicioner,Gabvine,cloughranjg@hao123.com,7111652255,19,7
598,Berk,Quarton,2,Executive Secretary,Skynoodle,bquartonjh@nhs.uk,9767338671,88,1753
289,Elsy,Rotte,1,Software Engineer III,Zoomzone,erotteji@mashable.com,5082116292,77,578
352,Minny,Quickfall,2,Research Assistant II,Realblab,mquickfalljj@1688.com,3197127308,12,6
311,Dennie,McGloughlin,1,VP Product Management,Oyope,dmcgloughlinjk@jiathis.com,1214432324,85,214
543,Jasmina,Sellar,1,Assistant Media Planner,Devpoint,jsellarjl@walmart.com,7853520580,59,0273
720,Rabbi,Pirdy,2,Nurse,Browsetype,rpirdyjm@apple.com,6755117597,41,31635
199,Knox,Addington,2,Help Desk Technician,Jamia,kaddingtonjn@telegraph.co.uk,7505920809,50,4
952,Samuele,Haseley,1,Payment Adjustment Coordinator,Zoomzone,shaseleyjo@wunderground.com,5573847118,48,59217
979,Georgianna,Giovannelli,2,Technical Writer,Oyope,ggiovannellijp@rambler.ru,9719689370,37,6
618,Currey,Brittlebank,2,Actuary,Talane,cbrittlebankjq@unc.edu,1656330125,100,1
785,Aleen,Ryle,1,Senior Quality Engineer,Innojam,arylejr@umich.edu,6672602579,66,03697
668,Ashby,Crambie,1,VP Marketing,Zazio,acrambiejs@last.fm,4443305779,69,89397
322,Moreen,Cuttell,2,GIS Technical Architect,Voomm,mcuttelljt@shinystat.com,8773288914,30,94120
830,Reilly,Gotts,1,Professor,Babbleblab,rgottsju@wikimedia.org,8965785197,66,33
749,Daryle,Kobierra,2,Dental Hygienist,Vinte,dkobierrajv@gnu.org,3136599399,10,0337
936,Mariya,Merrgan,2,Operator,Realcube,mmerrganjw@webmd.com,2835229716,24,1
496,Melisande,Trickett,2,Dental Hygienist,Jaloo,mtrickettjx@ft.com,4222592822,77,7
464,Yvon,Kleinhaus,2,Desktop Support Technician,Layo,ykleinhausjy@weather.com,9349160403,82,02
460,Sherilyn,Kroin,2,Research Nurse,Tazzy,skroinjz@japanpost.jp,3644477169,97,9607
238,Laurent,Pluck,1,Administrative Assistant II,Yadel,lpluckk0@ezinearticles.com,5927158340,12,37
657,Skippy,Froude,2,Research Assistant II,Browseblab,sfroudek1@github.com,1047440944,80,671
968,Amble,Purver,1,Accounting Assistant III,Brainverse,apurverk2@storify.com,5123331436,72,414
732,Bennie,Stiggers,1,Senior Cost Accountant,Kazio,bstiggersk3@sbwire.com,2096805142,86,03244
931,Rosabella,Buttwell,1,VP Quality Control,Dynazzy,rbuttwellk4@chronoengine.com,5943322135,97,6
556,Elyse,Jewel,2,Senior Financial Analyst,Einti,ejewelk5@google.pl,2574177782,64,31992
108,Esmaria,Bamber,2,Cost Accountant,Trupe,ebamberk6@dyndns.org,8491641300,97,01621
344,Tabb,Bugge,1,Senior Editor,Fivebridge,tbuggek7@jugem.jp,2229410629,51,5
600,Sarah,Thumim,1,Accounting Assistant I,Bubblebox,sthumimk8@cbslocal.com,6341792829,44,0560
737,Britteny,Hinchcliffe,2,Assistant Media Planner,Talane,bhinchcliffek9@answers.com,3274047040,49,9
552,Emmit,Meneo,2,Systems Administrator I,Thoughtstorm,emeneoka@scribd.com,8265390007,43,71936
887,Prentice,Gallardo,1,Assistant Professor,Fanoodle,pgallardokb@rakuten.co.jp,4867270728,31,2
595,Scarface,Renfield,1,Account Executive,Zoozzy,srenfieldkc@opensource.org,7593843375,27,18298
910,Melissa,Speenden,1,Human Resources Manager,Topiczoom,mspeendenkd@oracle.com,2956358250,26,8
501,Melita,Hinze,1,Software Engineer I,Fivespan,mhinzeke@youku.com,5007352272,21,2165
478,Elysee,Flett,1,Administrative Assistant I,Lazz,eflettkf@marriott.com,1423290204,68,42150
999,Chantalle,Scimoni,1,Physical Therapy Assistant,Tagchat,cscimonikg@mediafire.com,7709655527,85,2362
847,Kikelia,Mettricke,2,Health Coach III,Linkbuzz,kmettrickekh@state.tx.us,1996865892,21,46372
689,Gianni,Schutter,2,Chemical Engineer,Kwideo,gschutterki@cbc.ca,2396795668,74,8321
932,Myrlene,Matzeitis,2,Automation Specialist III,Wordware,mmatzeitiskj@exblog.jp,1968156576,22,735
782,Carmine,Moran,2,Staff Scientist,Rhybox,cmorankk@cpanel.net,3375755994,21,85335
705,Andie,Cossey,1,Editor,Skynoodle,acosseykl@mit.edu,6365112208,83,3
621,Yalonda,Blaszczynski,2,Office Assistant IV,Gabtype,yblaszczynskikm@ameblo.jp,1454348143,24,8552
246,Galen,Luckman,2,Data Coordiator,Riffwire,gluckmankn@harvard.edu,8664276623,53,9
881,Kris,Suddick,1,Payment Adjustment Coordinator,Yombu,ksuddickko@goodreads.com,3477099189,62,21934
798,Mel,McAughtrie,2,Junior Executive,Thoughtstorm,mmcaughtriekp@icq.com,9329296963,26,26401
679,Kaila,Lydster,1,Design Engineer,Flipbug,klydsterkq@biblegateway.com,8925854838,97,08404
387,Lisbeth,Bairstow,1,Pharmacist,Digitube,lbairstowkr@is.gd,1597275071,10,48683
759,Danica,Rowler,1,Clinical Specialist,Dabshots,drowlerks@gnu.org,2041801117,43,8
135,Wilie,Wace,2,Occupational Therapist,Realpoint,wwacekt@buzzfeed.com,8264705053,31,6788
463,Errick,Dawidsohn,1,Professor,Zoombox,edawidsohnku@prlog.org,3284645218,45,8
707,Woodie,Gillis,1,Help Desk Operator,Miboo,wgilliskv@wikipedia.org,6233236562,93,3
717,Lorettalorna,Farbrace,1,Human Resources Assistant IV,Zooxo,lfarbracekw@liveinternet.ru,1368787454,29,6439
989,Hinda,Cawthra,1,Dental Hygienist,Photojam,hcawthrakx@nbcnews.com,1709142880,15,71995
828,Vonni,Kindleside,1,Research Assistant III,Kwimbee,vkindlesideky@miitbeian.gov.cn,8742891006,58,60718
853,Brenden,Demsey,1,Registered Nurse,Vipe,bdemseykz@kickstarter.com,3148043850,23,7603
972,Devinne,Pusill,2,Teacher,Tavu,dpusilll0@mayoclinic.com,2025427005,34,58151
469,Davina,Logsdail,2,Pharmacist,Skajo,dlogsdaill1@cornell.edu,5668892623,97,802
470,Theodora,Pottberry,2,Account Coordinator,Oyondu,tpottberryl2@ft.com,5134959344,50,31
182,Peggi,Fewkes,2,Junior Executive,Shufflester,pfewkesl3@trellian.com,4784212465,97,8099
941,Louella,Glass,1,Sales Representative,Gigashots,lglassl4@icq.com,8117264743,37,95
229,Corliss,Crosfield,2,Cost Accountant,Yoveo,ccrosfieldl5@wikia.com,7148277410,88,59
349,Charisse,Charopen,1,Mechanical Systems Engineer,Zooxo,ccharopenl6@nature.com,4792635528,45,551
834,Pauli,Polley,1,Tax Accountant,Eadel,ppolleyl7@scribd.com,8856588386,72,92
739,Aldon,Lain,1,Account Representative II,Skimia,alainl8@phoca.cz,7125911859,44,2340
565,Moselle,Danielovitch,2,Pharmacist,InnoZ,mdanielovitchl9@plala.or.jp,2852702280,24,9
134,Natalee,Riley,1,Account Representative I,Thoughtmix,nrileyla@imageshack.us,4971978960,74,77
481,Dore,Baltzar,2,Senior Cost Accountant,Zoomzone,dbaltzarlb@wikia.com,1461663922,60,41
284,Edan,Chsteney,2,Staff Accountant I,Youopia,echsteneylc@oracle.com,4814139530,64,4
964,Vinny,Nell,1,Marketing Assistant,Zoombeat,vnellld@ebay.co.uk,8049760926,97,94900
671,Delila,Van Salzberger,2,Budget/Accounting Analyst IV,Npath,dvansalzbergerle@toplist.cz,4693940386,32,0974
289,Cassandry,Bazylets,2,Registered Nurse,Rooxo,cbazyletslf@dagondesign.com,5595654815,28,7052
321,Gisella,Carwardine,2,Chemical Engineer,Flipbug,gcarwardinelg@springer.com,5235043667,49,524
140,Jaquelyn,Luis,1,Account Executive,Yacero,jluislh@github.com,8421959497,51,96731
436,Ad,Ogers,1,Desktop Support Technician,Bluejam,aogersli@intel.com,6803632752,11,95730
402,Meaghan,Gerber,1,Payment Adjustment Coordinator,Einti,mgerberlj@zimbio.com,2507784028,30,57381
183,Terrye,Meneo,2,Dental Hygienist,Fivespan,tmeneolk@wunderground.com,4911012193,89,6
667,Brooks,Benedite,2,Mechanical Systems Engineer,Linkbuzz,bbeneditell@eepurl.com,3374209288,88,9742
202,Asher,Lideard,2,Director of Sales,Brainlounge,alideardlm@weibo.com,3764160634,88,68
730,Werner,Defraine,2,Structural Analysis Engineer,Rhybox,wdefraineln@163.com,2244646328,78,0431
151,Madelon,Penke,2,Accounting Assistant IV,Meezzy,mpenkelo@wikispaces.com,1378840902,41,261
576,Gaye,Cranney,1,Compensation Analyst,Plambee,gcranneylp@ucla.edu,1985502358,13,2
506,Jeddy,Deboo,1,Structural Analysis Engineer,Feednation,jdeboolq@hc360.com,1699691029,89,46
681,Marissa,Neve,1,Payment Adjustment Coordinator,Blogspan,mnevelr@purevolume.com,3653885980,14,4
837,Kata,Cornilli,1,Account Representative II,Thoughtmix,kcornillils@nps.gov,5514090546,37,962
743,Werner,Tonna,1,Research Associate,Bluejam,wtonnalt@columbia.edu,5474547368,26,885
886,Tom,Raccio,2,Systems Administrator II,Layo,tracciolu@nba.com,1172548715,56,1
260,Robbi,Botcherby,1,Research Assistant I,Chatterbridge,rbotcherbylv@scribd.com,5096479113,49,089
570,Anya,McGuffog,1,Financial Advisor,Rhybox,amcguffoglw@miitbeian.gov.cn,7407515135,72,6146
174,Carolina,Filov,1,Design Engineer,Aimbo,cfilovlx@cnn.com,5976742551,82,05
858,Jaye,Bloyes,2,Administrative Assistant III,Jaloo,jbloyesly@360.cn,7448919280,53,40457
978,Brewer,Brugden,1,Sales Representative,Vinte,bbrugdenlz@wikipedia.org,3141138889,63,0
292,Nefen,Larroway,2,Media Manager IV,Edgeblab,nlarrowaym0@alexa.com,3518175727,21,4863
998,Crista,Heggison,1,Chemical Engineer,Livetube,cheggisonm1@japanpost.jp,6637429929,60,4249
372,Phelia,Mellsop,2,Financial Analyst,Realbridge,pmellsopm2@microsoft.com,4324263305,54,22509
511,Norry,Varney,2,Geologist IV,Feedspan,nvarneym3@oakley.com,5423843738,56,1921
993,Torin,Ambrosetti,1,Sales Associate,Zoombox,tambrosettim4@miitbeian.gov.cn,1896976998,100,0
953,Missy,Albion,1,Environmental Tech,Dynabox,malbionm5@php.net,3646585013,90,991
272,Wald,Maciaszczyk,1,Editor,Minyx,wmaciaszczykm6@pbs.org,2086145068,86,7967
570,Kendell,Raven,2,Analyst Programmer,Skyndu,kravenm7@networksolutions.com,5075169329,13,2534
